email_id,label
1,Archived
1,Spam
1,Category Promotions
1,Unread
1,Personal
2,Archived
2,Spam
2,Category Promotions
2,Unread
2,Personal
3,Archived
3,Spam
3,Category Promotions
3,Unread
3,Personal
4,Archived
4,Spam
4,Category Updates
4,Unread
4,Personal
5,Archived
5,Spam
5,Category Promotions
5,Unread
5,Personal
6,Archived
6,Spam
6,Category Promotions
6,Unread
6,Personal
7,Archived
7,Spam
7,Category Promotions
7,Unread
7,Personal
8,Archived
8,Spam
8,Category Promotions
8,Unread
8,Personal
9,Archived
9,Spam
9,Category Promotions
9,Unread
9,Personal
10,Spam
10,Category Updates
10,Unread
11,Archived
11,Spam
11,Category Promotions
11,Unread
11,Personal
12,Archived
12,Spam
12,Category Promotions
12,Unread
12,Personal
13,Archived
13,Spam
13,Category Promotions
13,Unread
13,Personal
14,Archived
14,Spam
14,Category Promotions
14,Unread
14,Personal
15,Archived
15,Spam
15,Category Promotions
15,Unread
15,Personal
16,Archived
16,Spam
16,Category Promotions
16,Unread
16,Personal
17,Archived
17,Spam
17,Category Promotions
17,Unread
17,Personal
18,Archived
18,Spam
18,Category Promotions
18,Unread
18,Personal
19,Archived
19,Spam
19,Category Promotions
19,Unread
19,Personal
20,Archived
20,Spam
20,Category Promotions
20,Unread
20,Personal
21,Archived
21,Spam
21,Category Promotions
21,Unread
21,Personal
22,Spam
22,Category Promotions
22,Unread
23,Archived
23,Spam
23,Category Promotions
23,Unread
23,Personal
24,Spam
24,Category Promotions
24,Unread
25,Spam
25,Category Updates
25,Unread
26,Archived
26,Spam
26,Category Promotions
26,Unread
26,Personal
27,Archived
27,Spam
27,Category Promotions
27,Unread
27,Personal
28,Spam
28,Category Updates
28,Unread
29,Archived
29,Spam
29,Category Promotions
29,Unread
29,Personal
30,Archived
30,Spam
30,Category Promotions
30,Unread
30,Personal
31,Archived
31,Spam
31,Category Updates
31,Unread
31,Personal
32,Spam
32,Category Updates
32,Unread
33,Archived
33,Spam
33,Category Promotions
33,Unread
33,Personal
34,Archived
34,Spam
34,Category Promotions
34,Unread
34,Personal
35,Archived
35,Spam
35,Category Promotions
35,Unread
35,Personal
36,Archived
36,Spam
36,Category Promotions
36,Unread
36,Personal
37,Archived
37,Spam
37,Category Promotions
37,Unread
37,Personal
38,Archived
38,Spam
38,Category Promotions
38,Unread
38,Personal
39,Spam
39,Category Promotions
39,Unread
40,Archived
40,Spam
40,Category Updates
40,Unread
40,Personal
41,Archived
41,Spam
41,Category Updates
41,Unread
41,Personal
42,Archived
42,Spam
42,Category Updates
42,Unread
42,Personal
43,Archived
43,Spam
43,Category Promotions
43,Unread
43,Personal
44,Archived
44,Spam
44,Category Promotions
44,Unread
44,Personal
45,Archived
45,Spam
45,Category Updates
45,Unread
45,Personal
46,Spam
46,Category Updates
46,Unread
47,Spam
47,Category Promotions
47,Unread
48,Archived
48,Spam
48,Category Promotions
48,Unread
48,Personal
49,Archived
49,Spam
49,Category Promotions
49,Unread
49,Personal
50,Archived
50,Spam
50,Category Promotions
50,Unread
50,Personal
51,Archived
51,Spam
51,Category Promotions
51,Unread
51,Personal
52,Archived
52,Spam
52,Category Promotions
52,Unread
52,Personal
53,Spam
53,Category Promotions
53,Unread
54,Archived
54,Spam
54,Category Promotions
54,Unread
54,Personal
55,Archived
55,Spam
55,Category Promotions
55,Unread
55,Personal
56,Archived
56,Spam
56,Category Promotions
56,Unread
56,Personal
57,Archived
57,Spam
57,Category Promotions
57,Unread
57,Personal
58,Archived
58,Spam
58,Category Promotions
58,Unread
58,Personal
59,Archived
59,Spam
59,Category Promotions
59,Unread
59,Personal
60,Archived
60,Spam
60,Category Promotions
60,Unread
60,Personal
61,Archived
61,Spam
61,Category Promotions
61,Unread
61,Personal
62,Archived
62,Spam
62,Category Promotions
62,Unread
62,Personal
63,Archived
63,Spam
63,Category Promotions
63,Unread
63,Personal
64,Archived
64,Spam
64,Category Promotions
64,Unread
64,Personal
65,Archived
65,Spam
65,Category Promotions
65,Unread
65,Personal
66,Archived
66,Spam
66,Category Promotions
66,Unread
66,Personal
67,Archived
67,Spam
67,Category Promotions
67,Unread
67,Personal
68,Archived
68,Spam
68,Category Updates
68,Unread
68,Personal
69,Archived
69,Spam
69,Category Promotions
69,Unread
69,Personal
70,Archived
70,Spam
70,Category Promotions
70,Unread
70,Personal
71,Archived
71,Spam
71,Category Updates
71,Unread
71,Personal
72,Archived
72,Spam
72,Category Promotions
72,Unread
72,Personal
73,Archived
73,Spam
73,Category Promotions
73,Unread
73,Personal
74,Archived
74,Spam
74,Category Promotions
74,Unread
74,Personal
75,Archived
75,Spam
75,Category Updates
75,Unread
75,Personal
76,Archived
76,Spam
76,Category Promotions
76,Unread
76,Personal
77,Archived
77,Spam
77,Category Promotions
77,Unread
77,Personal
78,Archived
78,Spam
78,Category Promotions
78,Unread
78,Personal
79,Archived
79,Spam
79,Category Promotions
79,Unread
79,Personal
80,Archived
80,Spam
80,Category Promotions
80,Unread
80,Personal
81,Archived
81,Spam
81,Category Promotions
81,Unread
81,Personal
82,Archived
82,Spam
82,Category Updates
82,Unread
82,Personal
83,Archived
83,Spam
83,Category Promotions
83,Unread
83,Personal
84,Archived
84,Spam
84,Category Promotions
84,Unread
84,Personal
85,Archived
85,Spam
85,Category Promotions
85,Unread
85,Personal
86,Archived
86,Spam
86,Category Promotions
86,Unread
86,Personal
87,Archived
87,Spam
87,Category Updates
87,Unread
87,Personal
88,Archived
88,Spam
88,Category Updates
88,Unread
88,Personal
89,Archived
89,Spam
89,Category Updates
89,Unread
89,Personal
90,Inbox
90,Category Promotions
90,Unread
91,Inbox
91,Category Promotions
91,Unread
92,Inbox
92,Category Promotions
92,Unread
93,Inbox
93,Category Promotions
93,Unread
94,Inbox
94,Category Promotions
94,Unread
95,Inbox
95,Category Promotions
95,Unread
96,Inbox
96,Category Promotions
96,Unread
97,Inbox
97,Category Promotions
97,Unread
98,Inbox
98,Category Promotions
98,Unread
99,Inbox
99,Category Promotions
99,Unread
100,Inbox
100,Category Promotions
100,Unread
101,Inbox
101,Category Promotions
101,Unread
102,Inbox
102,Category Promotions
102,Unread
103,Inbox
103,Category Promotions
103,Unread
104,Inbox
104,Category Promotions
104,Unread
105,Inbox
105,Category Promotions
105,Unread
106,Archived
106,Category Promotions
106,Unread
106,Personal
107,Inbox
107,Category Promotions
107,Unread
108,Inbox
108,Category Promotions
108,Unread
109,Inbox
109,Category Promotions
109,Unread
110,Inbox
110,Category Promotions
110,Unread
111,Inbox
111,Category Promotions
111,Unread
112,Inbox
112,Category Promotions
112,Unread
113,Inbox
113,Category Promotions
113,Unread
114,Inbox
114,Category Promotions
114,Unread
115,Archived
115,Category Promotions
115,Unread
115,Personal
116,Inbox
116,Category Promotions
116,Unread
117,Inbox
117,Category Promotions
117,Unread
118,Inbox
118,Category Promotions
118,Unread
119,Inbox
119,Category Promotions
119,Unread
120,Inbox
120,Category Promotions
120,Unread
121,Inbox
121,Category Promotions
121,Unread
122,Inbox
122,Category Promotions
122,Unread
123,Inbox
123,Category Promotions
123,Unread
124,Inbox
124,Category Promotions
124,Unread
125,Inbox
125,Category Promotions
125,Unread
126,Inbox
126,Category Promotions
126,Unread
127,Inbox
127,Category Promotions
127,Unread
128,Inbox
128,Category Promotions
128,Unread
129,Inbox
129,Category Promotions
129,Unread
130,Inbox
130,Category Promotions
130,Unread
131,Inbox
131,Category Promotions
131,Unread
132,Inbox
132,Category Promotions
132,Unread
133,Inbox
133,Category Promotions
133,Unread
134,Inbox
134,Category Promotions
134,Unread
135,Inbox
135,Category Promotions
135,Unread
136,Inbox
136,Category Promotions
136,Unread
137,Inbox
137,Category Promotions
137,Unread
138,Inbox
138,Category Promotions
138,Unread
139,Inbox
139,Category Promotions
139,Unread
140,Inbox
140,Category Promotions
140,Unread
141,Inbox
141,Category Promotions
141,Unread
142,Inbox
142,Category Promotions
142,Unread
143,Inbox
143,Category Promotions
143,Unread
144,Inbox
144,Category Promotions
144,Unread
145,Inbox
145,Category Promotions
145,Unread
146,Inbox
146,Category Promotions
146,Unread
147,Archived
147,Category Promotions
147,Unread
147,Personal
148,Archived
148,Category Promotions
148,Unread
148,Personal
149,Inbox
149,Category Promotions
149,Unread
150,Inbox
150,Category Promotions
150,Unread
151,Inbox
151,Category Promotions
151,Unread
152,Inbox
152,Category Promotions
152,Unread
153,Inbox
153,Category Promotions
153,Unread
154,Inbox
154,Category Promotions
154,Unread
155,Inbox
155,Category Promotions
155,Unread
156,Inbox
156,Category Promotions
156,Unread
157,Inbox
157,Category Promotions
157,Unread
158,Inbox
158,Category Promotions
158,Unread
159,Archived
159,Category Promotions
159,Unread
159,Personal
160,Inbox
160,Category Promotions
160,Unread
161,Inbox
161,Category Promotions
161,Unread
162,Archived
162,Category Promotions
162,Unread
162,Personal
163,Archived
163,Category Promotions
163,Unread
163,Personal
164,Archived
164,Category Promotions
164,Unread
164,Personal
165,Inbox
165,Category Promotions
165,Unread
166,Inbox
166,Category Promotions
166,Unread
167,Inbox
167,Category Promotions
167,Unread
168,Inbox
168,Category Promotions
168,Unread
169,Inbox
169,Category Promotions
169,Unread
170,Inbox
170,Category Promotions
170,Unread
171,Inbox
171,Category Promotions
171,Unread
172,Archived
172,Category Promotions
172,Unread
172,Personal
173,Inbox
173,Category Promotions
173,Unread
174,Inbox
174,Category Promotions
174,Unread
175,Inbox
175,Category Promotions
175,Unread
176,Inbox
176,Category Promotions
176,Unread
177,Archived
177,Category Promotions
177,Unread
177,Personal
178,Archived
178,Category Promotions
178,Unread
178,Personal
179,Archived
179,Category Promotions
179,Unread
179,Personal
180,Archived
180,Category Promotions
180,Unread
180,Personal
181,Inbox
181,Category Promotions
181,Unread
182,Inbox
182,Category Promotions
182,Unread
183,Archived
183,Category Promotions
183,Unread
183,Personal
184,Inbox
184,Category Promotions
184,Unread
185,Archived
185,Category Promotions
185,Unread
185,Personal
186,Inbox
186,Category Promotions
186,Unread
187,Inbox
187,Category Promotions
187,Unread
188,Inbox
188,Category Promotions
188,Unread
189,Inbox
189,Category Promotions
189,Unread
190,Inbox
190,Category Promotions
190,Unread
191,Inbox
191,Category Promotions
191,Unread
192,Inbox
192,Category Promotions
192,Unread
193,Archived
193,Category Promotions
193,Unread
193,Personal
194,Inbox
194,Category Promotions
194,Unread
195,Inbox
195,Category Promotions
195,Unread
196,Inbox
196,Category Promotions
196,Unread
197,Inbox
197,Category Promotions
197,Unread
198,Inbox
198,Category Promotions
198,Unread
199,Inbox
199,Category Promotions
199,Unread
200,Inbox
200,Category Promotions
200,Unread
201,Inbox
201,Category Promotions
201,Unread
202,Inbox
202,Category Promotions
202,Unread
203,Inbox
203,Category Promotions
203,Unread
204,Inbox
204,Category Promotions
204,Unread
205,Inbox
205,Category Promotions
205,Unread
206,Inbox
206,Category Promotions
206,Unread
207,Inbox
207,Category Promotions
207,Unread
208,Inbox
208,Category Promotions
208,Unread
209,Archived
209,Category Promotions
209,Unread
209,Personal
210,Inbox
210,Category Promotions
210,Unread
211,Inbox
211,Category Promotions
211,Unread
212,Inbox
212,Category Promotions
212,Unread
213,Inbox
213,Category Promotions
213,Unread
214,Inbox
214,Category Promotions
214,Unread
215,Inbox
215,Category Promotions
215,Unread
216,Inbox
216,Category Promotions
216,Unread
217,Inbox
217,Category Promotions
217,Unread
218,Inbox
218,Category Promotions
218,Unread
219,Inbox
219,Category Promotions
219,Unread
220,Inbox
220,Category Promotions
220,Unread
221,Inbox
221,Category Promotions
221,Unread
222,Archived
222,Category Promotions
222,Unread
222,Personal
223,Archived
223,Category Promotions
223,Unread
223,Personal
224,Archived
224,Category Promotions
224,Unread
224,Personal
225,Inbox
225,Category Promotions
225,Unread
226,Inbox
226,Category Promotions
226,Unread
227,Inbox
227,Category Promotions
227,Unread
228,Inbox
228,Category Promotions
228,Unread
229,Inbox
229,Category Promotions
229,Unread
230,Inbox
230,Category Promotions
230,Unread
231,Inbox
231,Category Promotions
231,Unread
232,Inbox
232,Category Promotions
232,Unread
233,Inbox
233,Category Promotions
233,Unread
234,Inbox
234,Category Promotions
234,Unread
235,Inbox
235,Category Promotions
235,Unread
236,Inbox
236,Category Promotions
236,Unread
237,Inbox
237,Category Promotions
237,Unread
238,Inbox
238,Category Promotions
238,Unread
239,Archived
239,Category Promotions
239,Unread
239,Personal
240,Inbox
240,Category Promotions
240,Unread
241,Inbox
241,Category Promotions
241,Unread
242,Inbox
242,Category Promotions
242,Unread
243,Archived
243,Category Promotions
243,Unread
243,Personal
244,Inbox
244,Category Promotions
244,Unread
245,Inbox
245,Category Promotions
245,Unread
246,Inbox
246,Category Promotions
246,Unread
247,Inbox
247,Category Promotions
247,Unread
248,Archived
248,Category Promotions
248,Unread
248,Personal
249,Inbox
249,Category Promotions
249,Unread
250,Archived
250,Category Promotions
250,Unread
250,Personal
251,Archived
251,Category Promotions
251,Unread
251,Personal
252,Archived
252,Category Promotions
252,Unread
252,Personal
253,Inbox
253,Category Promotions
253,Unread
254,Inbox
254,Category Promotions
254,Unread
255,Inbox
255,Category Promotions
255,Unread
256,Archived
256,Category Promotions
256,Unread
256,Personal
257,Archived
257,Category Promotions
257,Unread
257,Personal
258,Inbox
258,Category Promotions
258,Unread
259,Archived
259,Category Promotions
259,Unread
259,Personal
260,Archived
260,Category Promotions
260,Unread
260,Personal
261,Inbox
261,Category Promotions
261,Unread
262,Inbox
262,Category Promotions
262,Unread
263,Inbox
263,Category Promotions
263,Unread
264,Archived
264,Category Promotions
264,Unread
264,Personal
265,Inbox
265,Category Promotions
265,Unread
266,Inbox
266,Category Promotions
266,Unread
267,Archived
267,Category Promotions
267,Unread
267,Personal
268,Archived
268,Category Promotions
268,Unread
268,Personal
269,Inbox
269,Category Promotions
269,Unread
270,Archived
270,Category Promotions
270,Unread
270,Personal
271,Inbox
271,Category Promotions
271,Unread
272,Inbox
272,Category Promotions
272,Unread
273,Archived
273,Category Promotions
273,Unread
273,Personal
274,Inbox
274,Category Promotions
274,Unread
275,Inbox
275,Category Promotions
275,Unread
276,Inbox
276,Category Promotions
276,Unread
277,Inbox
277,Category Promotions
277,Unread
278,Archived
278,Category Promotions
278,Unread
278,Personal
279,Inbox
279,Category Promotions
279,Unread
280,Inbox
280,Category Promotions
280,Unread
281,Inbox
281,Category Promotions
281,Unread
282,Inbox
282,Category Promotions
282,Unread
283,Archived
283,Category Promotions
283,Unread
283,Personal
284,Archived
284,Category Promotions
284,Unread
284,Personal
285,Archived
285,Category Promotions
285,Unread
285,Personal
286,Inbox
286,Category Promotions
286,Unread
287,Inbox
287,Category Promotions
287,Unread
288,Inbox
288,Category Promotions
288,Unread
289,Archived
289,Category Promotions
289,Unread
289,Personal
290,Inbox
290,Category Promotions
290,Unread
291,Inbox
291,Category Promotions
291,Unread
292,Inbox
292,Category Promotions
292,Unread
293,Inbox
293,Category Promotions
293,Unread
294,Archived
294,Category Promotions
294,Unread
294,Personal
295,Inbox
295,Category Promotions
295,Unread
296,Inbox
296,Category Promotions
296,Unread
297,Inbox
297,Category Promotions
297,Unread
298,Archived
298,Category Promotions
298,Unread
298,Personal
299,Inbox
299,Category Promotions
299,Unread
300,Archived
300,Category Promotions
300,Unread
300,Personal
301,Inbox
301,Category Promotions
301,Unread
302,Inbox
302,Category Promotions
302,Unread
303,Archived
303,Category Promotions
303,Unread
303,Personal
304,Inbox
304,Category Promotions
304,Unread
305,Archived
305,Category Promotions
305,Unread
305,Personal
306,Archived
306,Category Promotions
306,Unread
306,Personal
307,Archived
307,Category Promotions
307,Unread
307,Personal
308,Inbox
308,Category Promotions
308,Unread
309,Archived
309,Category Promotions
309,Unread
309,Personal
310,Archived
310,Category Promotions
310,Unread
310,Personal
311,Inbox
311,Category Promotions
311,Unread
312,Inbox
312,Category Promotions
312,Unread
313,Archived
313,Category Promotions
313,Unread
313,Personal
314,Inbox
314,Category Promotions
314,Unread
315,Inbox
315,Category Promotions
315,Unread
316,Archived
316,Category Promotions
316,Unread
316,Personal
317,Inbox
317,Category Promotions
317,Unread
318,Inbox
318,Category Promotions
318,Unread
319,Archived
319,Opened
319,Category Promotions
320,Archived
320,Category Promotions
320,Unread
320,Personal
321,Inbox
321,Category Promotions
321,Unread
322,Inbox
322,Category Promotions
322,Unread
323,Inbox
323,Category Promotions
323,Unread
324,Inbox
324,Category Promotions
324,Unread
325,Archived
325,Category Promotions
325,Unread
325,Personal
326,Inbox
326,Category Promotions
326,Unread
327,Archived
327,Category Promotions
327,Unread
327,Personal
328,Archived
328,Category Promotions
328,Unread
328,Personal
329,Archived
329,Category Promotions
329,Unread
329,Personal
330,Archived
330,Category Promotions
330,Unread
330,Personal
331,Inbox
331,Category Promotions
331,Unread
332,Inbox
332,Category Promotions
332,Unread
333,Inbox
333,Category Promotions
333,Unread
334,Inbox
334,Category Promotions
334,Unread
335,Inbox
335,Category Promotions
335,Unread
336,Archived
336,Category Promotions
336,Unread
336,Personal
337,Archived
337,Category Promotions
337,Unread
337,Personal
338,Archived
338,Category Promotions
338,Unread
338,Personal
339,Inbox
339,Category Promotions
339,Unread
340,Inbox
340,Category Promotions
340,Unread
341,Archived
341,Category Promotions
341,Unread
341,Personal
342,Inbox
342,Category Promotions
342,Unread
343,Archived
343,Category Promotions
343,Unread
343,Personal
344,Inbox
344,Category Promotions
344,Unread
345,Inbox
345,Category Promotions
345,Unread
346,Archived
346,Category Promotions
346,Unread
346,Personal
347,Inbox
347,Category Promotions
347,Unread
348,Inbox
348,Category Promotions
348,Unread
349,Archived
349,Category Promotions
349,Unread
349,Personal
350,Archived
350,Category Promotions
350,Unread
350,Personal
351,Archived
351,Category Promotions
351,Unread
351,Personal
352,Archived
352,Category Promotions
352,Unread
352,Personal
353,Archived
353,Category Promotions
353,Unread
353,Personal
354,Archived
354,Category Promotions
354,Unread
354,Personal
355,Inbox
355,Category Promotions
355,Unread
356,Inbox
356,Category Promotions
356,Unread
357,Inbox
357,Category Promotions
357,Unread
358,Archived
358,Category Promotions
358,Unread
358,Personal
359,Inbox
359,Category Promotions
359,Unread
360,Archived
360,Category Promotions
360,Unread
360,Personal
361,Inbox
361,Category Promotions
361,Unread
362,Archived
362,Category Promotions
362,Unread
362,Personal
363,Archived
363,Category Promotions
363,Unread
363,Personal
364,Archived
364,Category Promotions
364,Unread
364,Personal
365,Inbox
365,Category Promotions
365,Unread
366,Archived
366,Category Promotions
366,Unread
366,Personal
367,Inbox
367,Category Promotions
367,Unread
368,Inbox
368,Category Promotions
368,Unread
369,Archived
369,Category Promotions
369,Unread
369,Personal
370,Archived
370,Category Promotions
370,Unread
370,Personal
371,Inbox
371,Category Promotions
371,Unread
372,Archived
372,Category Promotions
372,Unread
372,Personal
373,Inbox
373,Category Promotions
373,Unread
374,Archived
374,Category Promotions
374,Unread
374,Personal
375,Inbox
375,Category Promotions
375,Unread
376,Archived
376,Category Promotions
376,Unread
376,Personal
377,Archived
377,Category Promotions
377,Unread
377,Personal
378,Archived
378,Category Promotions
378,Unread
378,Personal
379,Archived
379,Category Promotions
379,Unread
379,Personal
380,Archived
380,Category Promotions
380,Unread
380,Personal
381,Inbox
381,Category Promotions
381,Unread
382,Inbox
382,Category Promotions
382,Unread
383,Inbox
383,Category Promotions
383,Unread
384,Inbox
384,Category Promotions
384,Unread
385,Archived
385,Category Promotions
385,Unread
385,Personal
386,Inbox
386,Category Promotions
386,Unread
387,Archived
387,Category Promotions
387,Unread
387,Personal
388,Inbox
388,Category Promotions
388,Unread
389,Archived
389,Category Promotions
389,Unread
389,Personal
390,Inbox
390,Category Promotions
390,Unread
391,Archived
391,Category Promotions
391,Unread
391,Personal
392,Archived
392,Category Promotions
392,Unread
392,Personal
393,Inbox
393,Category Promotions
393,Unread
394,Archived
394,Category Promotions
394,Unread
394,Personal
395,Inbox
395,Category Promotions
395,Unread
396,Inbox
396,Category Promotions
396,Unread
397,Inbox
397,Category Promotions
397,Unread
398,Inbox
398,Category Promotions
398,Unread
399,Archived
399,Category Promotions
399,Unread
399,Personal
400,Inbox
400,Category Promotions
400,Unread
401,Inbox
401,Category Promotions
401,Unread
402,Archived
402,Category Promotions
402,Unread
402,Personal
403,Archived
403,Category Promotions
403,Unread
403,Personal
404,Archived
404,Category Promotions
404,Unread
404,Personal
405,Inbox
405,Category Promotions
405,Unread
406,Inbox
406,Category Promotions
406,Unread
407,Archived
407,Category Promotions
407,Unread
407,Personal
408,Archived
408,Category Promotions
408,Unread
408,Personal
409,Archived
409,Category Promotions
409,Unread
409,Personal
410,Inbox
410,Category Promotions
410,Unread
411,Inbox
411,Category Promotions
411,Unread
412,Archived
412,Category Promotions
412,Unread
412,Personal
413,Archived
413,Category Promotions
413,Unread
413,Personal
414,Inbox
414,Category Promotions
414,Unread
415,Archived
415,Category Promotions
415,Unread
415,Personal
416,Inbox
416,Category Promotions
416,Unread
417,Inbox
417,Category Promotions
417,Unread
418,Archived
418,Category Promotions
418,Unread
418,Personal
419,Inbox
419,Category Promotions
419,Unread
420,Inbox
420,Category Promotions
420,Unread
421,Archived
421,Category Promotions
421,Unread
421,Personal
422,Inbox
422,Category Promotions
422,Unread
423,Archived
423,Category Promotions
423,Unread
423,Personal
424,Inbox
424,Category Promotions
424,Unread
425,Archived
425,Category Promotions
425,Unread
425,Personal
426,Archived
426,Category Promotions
426,Unread
426,Personal
427,Archived
427,Category Promotions
427,Unread
427,Personal
428,Inbox
428,Category Promotions
428,Unread
429,Archived
429,Category Promotions
429,Unread
429,Personal
430,Inbox
430,Category Promotions
430,Unread
431,Inbox
431,Category Promotions
431,Unread
432,Archived
432,Category Promotions
432,Unread
432,Personal
433,Archived
433,Category Promotions
433,Unread
433,Personal
434,Inbox
434,Category Promotions
434,Unread
435,Archived
435,Category Promotions
435,Unread
435,Personal
436,Archived
436,Category Promotions
436,Unread
436,Personal
437,Archived
437,Category Promotions
437,Unread
437,Personal
438,Archived
438,Category Promotions
438,Unread
438,Personal
439,Archived
439,Category Promotions
439,Unread
439,Personal
440,Inbox
440,Category Promotions
440,Unread
441,Archived
441,Category Promotions
441,Unread
441,Personal
442,Archived
442,Category Promotions
442,Unread
442,Personal
443,Inbox
443,Category Promotions
443,Unread
444,Archived
444,Category Promotions
444,Unread
444,Personal
445,Archived
445,Category Promotions
445,Unread
445,Personal
446,Archived
446,Category Promotions
446,Unread
446,Personal
447,Inbox
447,Category Promotions
447,Unread
448,Archived
448,Category Promotions
448,Unread
448,Personal
449,Archived
449,Category Promotions
449,Unread
449,Personal
450,Inbox
450,Category Promotions
450,Unread
451,Archived
451,Category Promotions
451,Unread
451,Personal
452,Inbox
452,Category Promotions
452,Unread
453,Archived
453,Category Promotions
453,Unread
453,Personal
454,Archived
454,Category Promotions
454,Unread
454,Personal
455,Archived
455,Category Promotions
455,Unread
455,Personal
456,Archived
456,Category Promotions
456,Unread
456,Personal
457,Archived
457,Category Promotions
457,Unread
457,Personal
458,Archived
458,Category Promotions
458,Unread
458,Personal
459,Archived
459,Category Promotions
459,Unread
459,Personal
460,Archived
460,Category Promotions
460,Unread
460,Personal
461,Archived
461,Category Promotions
461,Unread
461,Personal
462,Archived
462,Category Promotions
462,Unread
462,Personal
463,Archived
463,Category Promotions
463,Unread
463,Personal
464,Archived
464,Category Promotions
464,Unread
464,Personal
465,Archived
465,Category Promotions
465,Unread
465,Personal
466,Archived
466,Category Promotions
466,Unread
466,Personal
467,Archived
467,Category Promotions
467,Unread
467,Personal
468,Archived
468,Category Promotions
468,Unread
468,Personal
469,Archived
469,Category Promotions
469,Unread
469,Personal
470,Inbox
470,Category Promotions
470,Unread
471,Inbox
471,Category Promotions
471,Unread
472,Archived
472,Category Promotions
472,Unread
472,Personal
473,Archived
473,Category Promotions
473,Unread
473,Personal
474,Archived
474,Category Promotions
474,Unread
474,Personal
475,Archived
475,Category Promotions
475,Unread
475,Personal
476,Archived
476,Category Promotions
476,Unread
476,Personal
477,Inbox
477,Category Promotions
477,Unread
478,Archived
478,Category Promotions
478,Unread
478,Personal
479,Archived
479,Category Promotions
479,Unread
479,Personal
480,Archived
480,Category Promotions
480,Unread
480,Personal
481,Archived
481,Category Promotions
481,Unread
481,Personal
482,Archived
482,Category Promotions
482,Unread
482,Personal
483,Archived
483,Category Promotions
483,Unread
483,Personal
484,Archived
484,Category Promotions
484,Unread
484,Personal
485,Archived
485,Category Promotions
485,Unread
485,Personal
486,Archived
486,Category Promotions
486,Unread
486,Personal
487,Archived
487,Category Promotions
487,Unread
487,Personal
488,Archived
488,Category Promotions
488,Unread
488,Personal
489,Inbox
489,Category Promotions
489,Unread
490,Archived
490,Category Promotions
490,Unread
490,Personal
491,Archived
491,Category Promotions
491,Unread
491,Personal
492,Archived
492,Category Promotions
492,Unread
492,Personal
493,Archived
493,Category Promotions
493,Unread
493,Personal
494,Archived
494,Category Promotions
494,Unread
494,Personal
495,Archived
495,Category Promotions
495,Unread
495,Personal
496,Archived
496,Category Promotions
496,Unread
496,Personal
497,Archived
497,Category Promotions
497,Unread
497,Personal
498,Archived
498,Category Promotions
498,Unread
498,Personal
499,Archived
499,Category Promotions
499,Unread
499,Personal
500,Archived
500,Category Promotions
500,Unread
500,Personal
501,Inbox
501,Category Promotions
501,Unread
502,Archived
502,Category Promotions
502,Unread
502,Personal
503,Archived
503,Category Promotions
503,Unread
503,Personal
504,Inbox
504,Category Promotions
504,Unread
505,Inbox
505,Category Promotions
505,Unread
506,Archived
506,Category Promotions
506,Unread
506,Personal
507,Inbox
507,Category Promotions
507,Unread
508,Archived
508,Category Promotions
508,Unread
508,Personal
509,Archived
509,Category Promotions
509,Unread
509,Personal
510,Archived
510,Category Promotions
510,Unread
510,Personal
511,Inbox
511,Category Promotions
511,Unread
512,Archived
512,Category Promotions
512,Unread
512,Personal
513,Inbox
513,Category Promotions
513,Unread
514,Archived
514,Category Promotions
514,Unread
514,Personal
515,Archived
515,Category Promotions
515,Unread
515,Personal
516,Archived
516,Category Promotions
516,Unread
516,Personal
517,Archived
517,Category Promotions
517,Unread
517,Personal
518,Archived
518,Category Promotions
518,Unread
518,Personal
519,Archived
519,Category Promotions
519,Unread
519,Personal
520,Archived
520,Category Promotions
520,Unread
520,Personal
521,Archived
521,Category Promotions
521,Unread
521,Personal
522,Inbox
522,Category Promotions
522,Unread
523,Archived
523,Category Promotions
523,Unread
523,Personal
524,Inbox
524,Category Promotions
524,Unread
525,Archived
525,Category Promotions
525,Unread
525,Personal
526,Archived
526,Category Promotions
526,Unread
526,Personal
527,Archived
527,Category Promotions
527,Unread
527,Personal
528,Archived
528,Category Promotions
528,Unread
528,Personal
529,Archived
529,Category Promotions
529,Unread
529,Personal
530,Archived
530,Category Promotions
530,Unread
530,Personal
531,Archived
531,Category Promotions
531,Unread
531,Personal
532,Inbox
532,Category Promotions
532,Unread
533,Archived
533,Category Promotions
533,Unread
533,Personal
534,Archived
534,Category Promotions
534,Unread
534,Personal
535,Archived
535,Category Promotions
535,Unread
535,Personal
536,Archived
536,Category Promotions
536,Unread
536,Personal
537,Archived
537,Category Promotions
537,Unread
537,Personal
538,Inbox
538,Category Promotions
538,Unread
539,Archived
539,Category Promotions
539,Unread
539,Personal
540,Archived
540,Category Promotions
540,Unread
540,Personal
541,Archived
541,Category Promotions
541,Unread
541,Personal
542,Archived
542,Category Promotions
542,Unread
542,Personal
543,Archived
543,Category Promotions
543,Unread
543,Personal
544,Archived
544,Category Promotions
544,Personal
545,Inbox
545,Category Promotions
545,Unread
546,Archived
546,Category Promotions
546,Unread
546,Personal
547,Inbox
547,Category Promotions
547,Unread
548,Archived
548,Category Promotions
548,Unread
548,Personal
549,Archived
549,Category Promotions
549,Unread
549,Personal
550,Inbox
550,Category Promotions
550,Unread
551,Archived
551,Category Promotions
551,Unread
551,Personal
552,Inbox
552,Category Promotions
552,Unread
553,Archived
553,Category Promotions
553,Unread
553,Personal
554,Archived
554,Category Promotions
554,Unread
554,Personal
555,Archived
555,Category Promotions
555,Unread
555,Personal
556,Archived
556,Category Promotions
556,Unread
556,Personal
557,Archived
557,Category Promotions
557,Unread
557,Personal
558,Archived
558,Category Promotions
558,Unread
558,Personal
559,Archived
559,Category Promotions
559,Unread
559,Personal
560,Archived
560,Category Promotions
560,Unread
560,Personal
561,Archived
561,Category Promotions
561,Unread
561,Personal
562,Archived
562,Category Promotions
562,Unread
562,Personal
563,Archived
563,Category Promotions
563,Unread
563,Personal
564,Inbox
564,Category Promotions
564,Unread
565,Archived
565,Category Promotions
565,Unread
565,Personal
566,Archived
566,Category Promotions
566,Unread
566,Personal
567,Archived
567,Category Promotions
567,Unread
567,Personal
568,Archived
568,Category Promotions
568,Unread
568,Personal
569,Archived
569,Category Promotions
569,Unread
569,Personal
570,Archived
570,Category Promotions
570,Unread
570,Personal
571,Archived
571,Category Promotions
571,Unread
571,Personal
572,Archived
572,Category Promotions
572,Unread
572,Personal
573,Archived
573,Category Promotions
573,Unread
573,Personal
574,Archived
574,Category Promotions
574,Unread
574,Personal
575,Inbox
575,Category Promotions
575,Unread
576,Archived
576,Category Promotions
576,Unread
576,Personal
577,Archived
577,Category Promotions
577,Unread
577,Personal
578,Inbox
578,Category Promotions
578,Unread
579,Archived
579,Category Promotions
579,Unread
579,Personal
580,Archived
580,Category Promotions
580,Unread
580,Personal
581,Archived
581,Category Promotions
581,Unread
581,Personal
582,Archived
582,Category Promotions
582,Unread
582,Personal
583,Archived
583,Category Promotions
583,Unread
583,Personal
584,Archived
584,Category Promotions
584,Unread
584,Personal
585,Archived
585,Category Promotions
585,Unread
585,Personal
586,Archived
586,Category Promotions
586,Unread
586,Personal
587,Inbox
587,Category Promotions
587,Unread
588,Archived
588,Category Promotions
588,Unread
588,Personal
589,Archived
589,Category Promotions
589,Unread
589,Personal
590,Archived
590,Category Promotions
590,Unread
590,Personal
591,Archived
591,Category Promotions
591,Unread
591,Personal
592,Archived
592,Category Promotions
592,Unread
592,Personal
593,Archived
593,Category Promotions
593,Unread
593,Personal
594,Archived
594,Category Promotions
594,Unread
594,Personal
595,Archived
595,Category Promotions
595,Unread
595,Personal
596,Archived
596,Category Promotions
596,Unread
596,Personal
597,Inbox
597,Category Promotions
597,Unread
598,Archived
598,Category Promotions
598,Unread
598,Personal
599,Inbox
599,Category Promotions
599,Unread
600,Archived
600,Category Promotions
600,Unread
600,Personal
601,Inbox
601,Category Promotions
601,Unread
602,Inbox
602,Category Promotions
602,Unread
603,Archived
603,Category Promotions
603,Unread
603,Personal
604,Archived
604,Category Promotions
604,Unread
604,Personal
605,Archived
605,Category Promotions
605,Unread
605,Personal
606,Inbox
606,Category Promotions
606,Unread
607,Archived
607,Category Promotions
607,Unread
607,Personal
608,Archived
608,Category Promotions
608,Unread
608,Personal
609,Archived
609,Category Promotions
609,Unread
609,Personal
610,Archived
610,Category Promotions
610,Unread
610,Personal
611,Archived
611,Category Promotions
611,Unread
611,Personal
612,Archived
612,Category Promotions
612,Unread
612,Personal
613,Archived
613,Category Promotions
613,Unread
613,Personal
614,Archived
614,Category Promotions
614,Unread
614,Personal
615,Archived
615,Category Promotions
615,Unread
615,Personal
616,Archived
616,Category Promotions
616,Unread
616,Personal
617,Archived
617,Category Promotions
617,Unread
617,Personal
618,Archived
618,Category Promotions
618,Unread
618,Personal
619,Archived
619,Category Promotions
619,Unread
619,Personal
620,Archived
620,Category Promotions
620,Unread
620,Personal
621,Archived
621,Category Promotions
621,Unread
621,Personal
622,Inbox
622,Category Promotions
622,Unread
623,Archived
623,Category Promotions
623,Unread
623,Personal
624,Archived
624,Category Promotions
624,Unread
624,Personal
625,Archived
625,Category Promotions
625,Unread
625,Personal
626,Archived
626,Category Promotions
626,Unread
626,Personal
627,Inbox
627,Category Promotions
627,Unread
628,Archived
628,Category Promotions
628,Unread
628,Personal
629,Archived
629,Category Promotions
629,Unread
629,Personal
630,Archived
630,Category Promotions
630,Unread
630,Personal
631,Inbox
631,Category Promotions
631,Unread
632,Archived
632,Category Promotions
632,Unread
632,Personal
633,Archived
633,Category Promotions
633,Unread
633,Personal
634,Archived
634,Category Promotions
634,Unread
634,Personal
635,Inbox
635,Category Promotions
635,Unread
636,Archived
636,Category Promotions
636,Unread
636,Personal
637,Archived
637,Category Promotions
637,Unread
637,Personal
638,Inbox
638,Category Promotions
638,Unread
639,Archived
639,Category Promotions
639,Unread
639,Personal
640,Archived
640,Category Promotions
640,Unread
640,Personal
641,Archived
641,Category Promotions
641,Unread
641,Personal
642,Inbox
642,Category Promotions
642,Unread
643,Archived
643,Category Promotions
643,Unread
643,Personal
644,Archived
644,Category Promotions
644,Unread
644,Personal
645,Archived
645,Category Promotions
645,Unread
645,Personal
646,Archived
646,Category Promotions
646,Unread
647,Archived
647,Category Promotions
647,Unread
647,Personal
648,Archived
648,Category Promotions
648,Unread
648,Personal
649,Archived
649,Category Promotions
649,Unread
649,Personal
650,Archived
650,Category Promotions
650,Unread
650,Personal
651,Archived
651,Category Promotions
651,Unread
651,Personal
652,Inbox
652,Category Promotions
652,Unread
653,Archived
653,Category Promotions
653,Unread
653,Personal
654,Archived
654,Category Promotions
654,Unread
654,Personal
655,Archived
655,Category Promotions
655,Unread
655,Personal
656,Archived
656,Category Promotions
656,Unread
656,Personal
657,Archived
657,Category Promotions
657,Unread
657,Personal
658,Archived
658,Category Promotions
658,Unread
658,Personal
659,Archived
659,Category Promotions
659,Unread
659,Personal
660,Archived
660,Opened
660,Category Promotions
661,Archived
661,Category Promotions
661,Unread
661,Personal
662,Archived
662,Category Promotions
662,Unread
662,Personal
663,Archived
663,Category Promotions
663,Unread
664,Inbox
664,Category Promotions
664,Unread
665,Archived
665,Category Promotions
665,Unread
665,Personal
666,Archived
666,Category Promotions
666,Unread
666,Personal
667,Archived
667,Category Promotions
667,Unread
667,Personal
668,Archived
668,Category Promotions
668,Unread
668,Personal
669,Inbox
669,Category Promotions
669,Unread
670,Archived
670,Category Promotions
670,Unread
670,Personal
671,Archived
671,Category Promotions
671,Unread
672,Archived
672,Category Promotions
672,Unread
672,Personal
673,Archived
673,Category Promotions
673,Unread
673,Personal
674,Archived
674,Category Promotions
674,Unread
674,Personal
675,Archived
675,Category Promotions
675,Unread
675,Personal
676,Archived
676,Category Promotions
676,Unread
676,Personal
677,Archived
677,Category Promotions
677,Unread
677,Personal
678,Archived
678,Category Promotions
678,Unread
678,Personal
679,Archived
679,Category Promotions
679,Unread
680,Inbox
680,Category Promotions
680,Unread
681,Inbox
681,Category Promotions
681,Unread
682,Archived
682,Category Promotions
682,Unread
682,Personal
683,Archived
683,Category Promotions
683,Unread
683,Personal
684,Archived
684,Category Promotions
684,Unread
684,Personal
685,Inbox
685,Category Promotions
685,Unread
686,Archived
686,Category Promotions
686,Unread
686,Personal
687,Archived
687,Category Promotions
687,Unread
687,Personal
688,Archived
688,Category Promotions
688,Unread
688,Personal
689,Archived
689,Category Promotions
689,Unread
690,Archived
690,Category Promotions
690,Unread
690,Personal
691,Archived
691,Opened
691,Category Promotions
692,Archived
692,Category Promotions
692,Unread
692,Personal
693,Archived
693,Category Promotions
693,Unread
693,Personal
694,Archived
694,Category Promotions
694,Unread
694,Personal
695,Archived
695,Category Promotions
695,Unread
695,Personal
696,Archived
696,Category Promotions
696,Unread
696,Personal
697,Archived
697,Category Promotions
697,Unread
697,Personal
698,Archived
698,Category Promotions
698,Unread
699,Archived
699,Category Promotions
699,Unread
699,Personal
700,Inbox
700,Category Promotions
700,Unread
701,Inbox
701,Category Promotions
701,Unread
702,Archived
702,Category Promotions
702,Unread
702,Personal
703,Archived
703,Category Promotions
703,Unread
703,Personal
704,Inbox
704,Category Promotions
704,Unread
705,Archived
705,Category Promotions
705,Unread
705,Personal
706,Inbox
706,Category Promotions
706,Unread
707,Archived
707,Category Promotions
707,Unread
707,Personal
708,Inbox
708,Category Promotions
708,Unread
709,Inbox
709,Category Promotions
709,Unread
710,Inbox
710,Category Promotions
710,Unread
711,Inbox
711,Category Promotions
711,Unread
712,Archived
712,Category Promotions
712,Unread
712,Personal
713,Archived
713,Category Promotions
713,Unread
713,Personal
714,Archived
714,Category Promotions
714,Unread
714,Personal
715,Archived
715,Category Promotions
715,Unread
715,Personal
716,Archived
716,Category Promotions
716,Unread
716,Personal
717,Inbox
717,Category Promotions
717,Unread
718,Archived
718,Category Promotions
718,Unread
718,Personal
719,Archived
719,Category Promotions
719,Unread
720,Archived
720,Category Promotions
720,Unread
721,Archived
721,Category Promotions
721,Unread
721,Personal
722,Inbox
722,Category Promotions
722,Unread
723,Archived
723,Category Promotions
723,Unread
724,Archived
724,Category Promotions
724,Unread
724,Personal
725,Archived
725,Category Promotions
725,Unread
725,Personal
726,Archived
726,Category Promotions
726,Unread
726,Personal
727,Archived
727,Category Promotions
727,Unread
727,Personal
728,Archived
728,Category Promotions
728,Unread
728,Personal
729,Archived
729,Category Promotions
729,Unread
729,Personal
730,Archived
730,Category Promotions
730,Unread
730,Personal
731,Archived
731,Category Promotions
731,Unread
731,Personal
732,Archived
732,Category Promotions
732,Unread
732,Personal
733,Archived
733,Category Promotions
733,Unread
733,Personal
734,Archived
734,Category Promotions
734,Unread
734,Personal
735,Archived
735,Category Promotions
735,Unread
735,Personal
736,Archived
736,Category Promotions
736,Unread
737,Inbox
737,Category Promotions
737,Unread
738,Archived
738,Category Promotions
738,Unread
738,Personal
739,Archived
739,Opened
739,Category Promotions
740,Archived
740,Category Promotions
740,Unread
740,Personal
741,Archived
741,Category Promotions
741,Unread
741,Personal
742,Archived
742,Category Promotions
742,Unread
742,Personal
743,Archived
743,Category Promotions
743,Unread
744,Archived
744,Category Promotions
744,Unread
744,Personal
745,Archived
745,Category Promotions
745,Unread
745,Personal
746,Archived
746,Category Promotions
746,Unread
746,Personal
747,Archived
747,Category Promotions
747,Unread
747,Personal
748,Archived
748,Category Promotions
748,Unread
748,Personal
749,Archived
749,Category Promotions
749,Unread
749,Personal
750,Archived
750,Category Promotions
750,Unread
751,Archived
751,Category Promotions
751,Unread
752,Archived
752,Category Promotions
752,Unread
752,Personal
753,Archived
753,Category Promotions
753,Unread
753,Personal
754,Archived
754,Category Promotions
754,Unread
754,Personal
755,Archived
755,Category Promotions
756,Archived
756,Category Promotions
756,Unread
756,Personal
757,Archived
757,Category Promotions
757,Unread
758,Archived
758,Category Promotions
758,Unread
758,Personal
759,Archived
759,Category Promotions
759,Unread
759,Personal
760,Archived
760,Category Promotions
760,Unread
761,Archived
761,Important
761,Category Promotions
761,Unread
761,Personal
762,Archived
762,Category Promotions
762,Unread
762,Personal
763,Archived
763,Category Promotions
763,Unread
763,Personal
764,Archived
764,Category Promotions
764,Unread
764,Personal
765,Archived
765,Category Promotions
765,Unread
765,Personal
766,Archived
766,Category Promotions
766,Unread
766,Personal
767,Archived
767,Category Promotions
767,Unread
767,Personal
768,Archived
768,Category Promotions
768,Unread
768,Personal
769,Archived
769,Category Promotions
769,Unread
769,Personal
770,Archived
770,Category Promotions
770,Unread
770,Personal
771,Archived
771,Category Promotions
771,Unread
771,Personal
772,Archived
772,Category Promotions
772,Unread
772,Personal
773,Archived
773,Category Promotions
773,Unread
773,Personal
774,Archived
774,Category Promotions
774,Unread
774,Personal
775,Archived
775,Category Promotions
775,Unread
775,Personal
776,Archived
776,Category Promotions
776,Unread
776,Personal
777,Archived
777,Category Promotions
777,Unread
778,Archived
778,Category Promotions
778,Unread
778,Personal
779,Archived
779,Category Promotions
779,Unread
779,Personal
780,Archived
780,Category Promotions
780,Unread
780,Personal
781,Archived
781,Category Promotions
781,Unread
781,Personal
782,Archived
782,Opened
782,Category Promotions
783,Archived
783,Category Promotions
783,Unread
783,Personal
784,Archived
784,Category Promotions
784,Unread
784,Personal
785,Archived
785,Category Promotions
785,Unread
785,Personal
786,Archived
786,Category Promotions
786,Unread
787,Archived
787,Category Promotions
787,Unread
787,Personal
788,Archived
788,Category Promotions
788,Unread
788,Personal
789,Archived
789,Category Promotions
789,Unread
789,Personal
790,Archived
790,Category Promotions
790,Unread
790,Personal
791,Archived
791,Category Promotions
791,Unread
791,Personal
792,Archived
792,Category Promotions
792,Unread
792,Personal
793,Archived
793,Category Promotions
793,Unread
793,Personal
794,Archived
794,Category Promotions
794,Unread
794,Personal
795,Archived
795,Category Promotions
795,Unread
795,Personal
796,Archived
796,Category Promotions
796,Unread
796,Personal
797,Archived
797,Category Promotions
797,Unread
797,Personal
798,Archived
798,Category Promotions
798,Unread
798,Personal
799,Archived
799,Category Promotions
799,Unread
799,Personal
800,Archived
800,Category Promotions
800,Unread
800,Personal
801,Archived
801,Category Promotions
801,Unread
801,Personal
802,Archived
802,Category Promotions
802,Unread
802,Personal
803,Archived
803,Category Promotions
803,Unread
803,Personal
804,Archived
804,Category Promotions
804,Unread
804,Personal
805,Archived
805,Category Promotions
805,Unread
805,Personal
806,Archived
806,Category Promotions
806,Unread
806,Personal
807,Archived
807,Category Promotions
807,Unread
808,Archived
808,Category Promotions
808,Unread
808,Personal
809,Archived
809,Category Promotions
809,Unread
809,Personal
810,Archived
810,Category Promotions
810,Unread
810,Personal
811,Archived
811,Category Promotions
811,Unread
811,Personal
812,Archived
812,Category Promotions
812,Unread
812,Personal
813,Archived
813,Category Promotions
813,Unread
814,Archived
814,Category Promotions
814,Unread
814,Personal
815,Archived
815,Category Promotions
815,Unread
815,Personal
816,Archived
816,Category Promotions
816,Unread
816,Personal
817,Archived
817,Category Promotions
817,Unread
817,Personal
818,Archived
818,Category Promotions
818,Unread
818,Personal
819,Archived
819,Category Promotions
819,Unread
819,Personal
820,Archived
820,Category Promotions
820,Unread
820,Personal
821,Archived
821,Category Promotions
821,Unread
821,Personal
822,Archived
822,Category Promotions
822,Unread
822,Personal
823,Archived
823,Category Promotions
823,Unread
824,Archived
824,Category Promotions
824,Unread
824,Personal
825,Archived
825,Category Promotions
825,Unread
825,Personal
826,Archived
826,Category Promotions
826,Unread
826,Personal
827,Archived
827,Category Promotions
827,Unread
828,Archived
828,Category Promotions
828,Unread
828,Personal
829,Archived
829,Category Promotions
829,Unread
829,Personal
830,Archived
830,Category Promotions
830,Unread
830,Personal
831,Archived
831,Category Promotions
831,Unread
831,Personal
832,Archived
832,Category Promotions
832,Unread
832,Personal
833,Archived
833,Category Promotions
833,Unread
833,Personal
834,Archived
834,Category Promotions
834,Unread
834,Personal
835,Archived
835,Category Promotions
835,Unread
835,Personal
836,Archived
836,Category Promotions
836,Unread
837,Archived
837,Category Promotions
837,Unread
837,Personal
838,Archived
838,Category Promotions
838,Unread
838,Personal
839,Archived
839,Category Promotions
839,Unread
839,Personal
840,Archived
840,Category Promotions
840,Unread
840,Personal
841,Archived
841,Category Promotions
841,Unread
842,Archived
842,Category Promotions
842,Unread
842,Personal
843,Archived
843,Category Promotions
843,Unread
843,Personal
844,Archived
844,Category Promotions
844,Unread
844,Personal
845,Archived
845,Opened
845,Category Promotions
846,Archived
846,Category Promotions
846,Unread
846,Personal
847,Archived
847,Category Promotions
847,Unread
848,Archived
848,Category Promotions
848,Unread
848,Personal
849,Archived
849,Category Promotions
849,Unread
850,Archived
850,Category Promotions
850,Unread
850,Personal
851,Archived
851,Category Promotions
851,Unread
852,Archived
852,Category Promotions
852,Unread
852,Personal
853,Archived
853,Category Promotions
853,Unread
853,Personal
854,Archived
854,Category Promotions
854,Unread
855,Archived
855,Category Promotions
855,Unread
855,Personal
856,Archived
856,Category Promotions
856,Unread
857,Archived
857,Category Promotions
857,Unread
857,Personal
858,Archived
858,Category Promotions
858,Unread
859,Archived
859,Category Promotions
859,Unread
859,Personal
860,Archived
860,Category Promotions
860,Unread
860,Personal
861,Archived
861,Category Promotions
861,Unread
861,Personal
862,Archived
862,Category Promotions
862,Unread
863,Archived
863,Category Promotions
863,Unread
863,Personal
864,Archived
864,Category Promotions
864,Unread
864,Personal
865,Archived
865,Category Promotions
865,Unread
865,Personal
866,Archived
866,Category Promotions
866,Unread
866,Personal
867,Archived
867,Category Promotions
867,Unread
867,Personal
868,Archived
868,Category Promotions
868,Unread
869,Archived
869,Category Promotions
869,Unread
869,Personal
870,Archived
870,Category Promotions
870,Unread
870,Personal
871,Archived
871,Category Promotions
871,Unread
871,Personal
872,Archived
872,Category Promotions
872,Unread
872,Personal
873,Archived
873,Category Promotions
873,Unread
874,Archived
874,Category Promotions
874,Unread
874,Personal
875,Archived
875,Category Promotions
875,Unread
875,Personal
876,Archived
876,Category Promotions
876,Unread
876,Personal
877,Archived
877,Category Promotions
877,Unread
877,Personal
878,Archived
878,Category Promotions
878,Unread
878,Personal
879,Archived
879,Category Promotions
879,Unread
880,Archived
880,Category Promotions
880,Unread
880,Personal
881,Archived
881,Category Promotions
881,Unread
881,Personal
882,Archived
882,Category Promotions
882,Unread
882,Personal
883,Archived
883,Category Promotions
883,Unread
883,Personal
884,Archived
884,Category Promotions
884,Unread
884,Personal
885,Archived
885,Category Promotions
885,Unread
885,Personal
886,Archived
886,Category Promotions
886,Unread
886,Personal
887,Archived
887,Category Promotions
887,Unread
887,Personal
888,Archived
888,Category Promotions
888,Unread
888,Personal
889,Archived
889,Category Promotions
889,Unread
889,Personal
890,Archived
890,Category Promotions
890,Unread
890,Personal
891,Archived
891,Category Promotions
891,Unread
891,Personal
892,Archived
892,Category Promotions
892,Unread
892,Personal
893,Archived
893,Category Promotions
893,Unread
894,Archived
894,Category Promotions
894,Unread
894,Personal
895,Archived
895,Category Promotions
895,Unread
895,Personal
896,Archived
896,Category Promotions
896,Unread
896,Personal
897,Archived
897,Category Promotions
897,Unread
897,Personal
898,Archived
898,Category Promotions
898,Unread
898,Personal
899,Archived
899,Category Promotions
899,Unread
899,Personal
900,Archived
900,Category Promotions
900,Unread
900,Personal
901,Archived
901,Category Promotions
901,Unread
901,Personal
902,Archived
902,Category Promotions
902,Unread
902,Personal
903,Archived
903,Category Promotions
903,Unread
903,Personal
904,Archived
904,Category Promotions
904,Unread
904,Personal
905,Archived
905,Category Promotions
905,Unread
905,Personal
906,Archived
906,Category Promotions
906,Unread
906,Personal
907,Archived
907,Category Promotions
907,Unread
907,Personal
908,Archived
908,Category Promotions
908,Unread
909,Archived
909,Category Promotions
909,Unread
909,Personal
910,Archived
910,Category Promotions
910,Unread
911,Archived
911,Category Promotions
911,Unread
911,Personal
912,Archived
912,Category Promotions
912,Unread
912,Personal
913,Archived
913,Category Promotions
913,Unread
913,Personal
914,Archived
914,Category Promotions
914,Unread
914,Personal
915,Archived
915,Category Promotions
915,Unread
915,Personal
916,Archived
916,Category Promotions
916,Unread
916,Personal
917,Archived
917,Category Promotions
917,Unread
917,Personal
918,Archived
918,Category Promotions
918,Unread
918,Personal
919,Archived
919,Category Promotions
919,Unread
919,Personal
920,Archived
920,Category Promotions
920,Unread
920,Personal
921,Archived
921,Category Promotions
921,Unread
921,Personal
922,Archived
922,Category Promotions
922,Unread
922,Personal
923,Archived
923,Category Promotions
923,Unread
923,Personal
924,Archived
924,Category Promotions
924,Unread
924,Personal
925,Archived
925,Category Promotions
925,Unread
925,Personal
926,Archived
926,Category Promotions
926,Unread
926,Personal
927,Archived
927,Category Promotions
927,Unread
927,Personal
928,Archived
928,Category Promotions
928,Unread
928,Personal
929,Archived
929,Category Promotions
929,Unread
929,Personal
930,Archived
930,Category Promotions
930,Unread
931,Archived
931,Category Promotions
931,Unread
931,Personal
932,Archived
932,Category Promotions
932,Unread
932,Personal
933,Archived
933,Category Promotions
933,Unread
933,Personal
934,Archived
934,Category Promotions
934,Unread
935,Archived
935,Category Promotions
935,Unread
935,Personal
936,Archived
936,Category Promotions
936,Unread
936,Personal
937,Archived
937,Category Promotions
937,Unread
937,Personal
938,Archived
938,Category Promotions
938,Unread
938,Personal
939,Archived
939,Category Promotions
939,Unread
940,Archived
940,Category Promotions
940,Unread
940,Personal
941,Archived
941,Category Promotions
941,Unread
941,Personal
942,Archived
942,Category Promotions
942,Unread
942,Personal
943,Archived
943,Category Promotions
943,Unread
943,Personal
944,Archived
944,Category Promotions
944,Unread
944,Personal
945,Archived
945,Category Promotions
945,Unread
945,Personal
946,Archived
946,Category Promotions
946,Unread
946,Personal
947,Archived
947,Category Promotions
947,Unread
947,Personal
948,Archived
948,Category Promotions
948,Unread
948,Personal
949,Archived
949,Category Promotions
949,Unread
949,Personal
950,Archived
950,Category Promotions
950,Unread
950,Personal
951,Archived
951,Category Promotions
951,Unread
951,Personal
952,Archived
952,Category Promotions
952,Unread
952,Personal
953,Archived
953,Category Promotions
953,Unread
953,Personal
954,Archived
954,Category Promotions
954,Unread
954,Personal
955,Archived
955,Category Promotions
955,Unread
955,Personal
956,Archived
956,Category Promotions
956,Unread
956,Personal
957,Archived
957,Category Promotions
957,Unread
957,Personal
958,Archived
958,Category Promotions
958,Unread
958,Personal
959,Archived
959,Category Promotions
959,Unread
959,Personal
960,Archived
960,Category Promotions
960,Unread
960,Personal
961,Archived
961,Category Promotions
961,Unread
961,Personal
962,Archived
962,Category Promotions
962,Unread
962,Personal
963,Archived
963,Category Promotions
963,Unread
963,Personal
964,Archived
964,Category Promotions
964,Unread
964,Personal
965,Archived
965,Category Promotions
965,Unread
965,Personal
966,Archived
966,Category Promotions
966,Unread
967,Archived
967,Category Promotions
967,Unread
967,Personal
968,Archived
968,Category Promotions
968,Unread
968,Personal
969,Archived
969,Category Promotions
969,Unread
969,Personal
970,Archived
970,Category Promotions
970,Unread
970,Personal
971,Archived
971,Category Promotions
971,Unread
971,Personal
972,Archived
972,Category Promotions
972,Unread
972,Personal
973,Archived
973,Category Promotions
973,Unread
973,Personal
974,Archived
974,Category Promotions
974,Unread
974,Personal
975,Archived
975,Category Promotions
975,Unread
975,Personal
976,Archived
976,Category Promotions
976,Unread
976,Personal
977,Archived
977,Category Promotions
977,Unread
977,Personal
978,Archived
978,Category Promotions
978,Unread
978,Personal
979,Archived
979,Category Promotions
979,Unread
979,Personal
980,Archived
980,Category Promotions
980,Unread
980,Personal
981,Archived
981,Category Promotions
981,Unread
981,Personal
982,Archived
982,Category Promotions
982,Unread
982,Personal
983,Archived
983,Category Promotions
983,Unread
983,Personal
984,Archived
984,Category Promotions
984,Unread
984,Personal
985,Archived
985,Category Promotions
985,Unread
985,Personal
986,Archived
986,Category Promotions
986,Unread
986,Personal
987,Archived
987,Category Promotions
987,Unread
987,Personal
988,Archived
988,Category Promotions
988,Unread
988,Personal
989,Archived
989,Category Promotions
989,Unread
989,Personal
990,Archived
990,Category Promotions
990,Unread
990,Personal
991,Archived
991,Category Promotions
991,Unread
991,Personal
992,Archived
992,Category Promotions
992,Unread
992,Personal
993,Archived
993,Category Promotions
993,Unread
993,Personal
994,Archived
994,Category Promotions
994,Unread
994,Personal
995,Archived
995,Category Promotions
995,Unread
995,Personal
996,Archived
996,Category Promotions
996,Unread
996,Personal
997,Archived
997,Category Promotions
997,Unread
997,Personal
998,Archived
998,Category Promotions
998,Unread
998,Personal
999,Archived
999,Category Promotions
999,Unread
999,Personal
1000,Archived
1000,Category Promotions
1000,Unread
1000,Personal
1001,Archived
1001,Category Promotions
1001,Unread
1001,Personal
1002,Archived
1002,Category Promotions
1002,Unread
1002,Personal
1003,Archived
1003,Category Promotions
1003,Unread
1003,Personal
1004,Archived
1004,Category Promotions
1004,Unread
1004,Personal
1005,Archived
1005,Category Promotions
1005,Unread
1005,Personal
1006,Archived
1006,Category Promotions
1006,Unread
1006,Personal
1007,Archived
1007,Category Promotions
1007,Unread
1007,Personal
1008,Archived
1008,Category Promotions
1008,Unread
1008,Personal
1009,Archived
1009,Category Promotions
1009,Unread
1009,Personal
1010,Archived
1010,Category Promotions
1010,Unread
1010,Personal
1011,Archived
1011,Category Promotions
1011,Unread
1011,Personal
1012,Archived
1012,Category Promotions
1012,Unread
1012,Personal
1013,Archived
1013,Category Promotions
1013,Unread
1013,Personal
1014,Archived
1014,Category Promotions
1014,Unread
1015,Archived
1015,Category Promotions
1015,Unread
1015,Personal
1016,Archived
1016,Category Promotions
1016,Unread
1016,Personal
1017,Archived
1017,Category Promotions
1017,Unread
1018,Archived
1018,Category Promotions
1018,Unread
1018,Personal
1019,Archived
1019,Category Promotions
1019,Unread
1019,Personal
1020,Archived
1020,Category Promotions
1020,Unread
1020,Personal
1021,Archived
1021,Category Promotions
1021,Unread
1021,Personal
1022,Archived
1022,Category Promotions
1022,Unread
1022,Personal
1023,Archived
1023,Category Promotions
1023,Unread
1024,Archived
1024,Category Promotions
1024,Unread
1025,Archived
1025,Category Promotions
1025,Unread
1025,Personal
1026,Archived
1026,Opened
1026,Category Promotions
1026,Personal
1027,Archived
1027,Category Promotions
1027,Unread
1027,Personal
1028,Archived
1028,Category Promotions
1028,Unread
1028,Personal
1029,Archived
1029,Opened
1029,Category Promotions
1029,Personal
1030,Archived
1030,Category Promotions
1030,Unread
1030,Personal
1031,Archived
1031,Category Promotions
1031,Unread
1031,Personal
1032,Archived
1032,Category Promotions
1032,Unread
1032,Personal
1033,Archived
1033,Category Promotions
1033,Unread
1033,Personal
1034,Archived
1034,Category Promotions
1034,Unread
1034,Personal
1035,Archived
1035,Category Promotions
1035,Unread
1035,Personal
1036,Archived
1036,Category Promotions
1036,Unread
1036,Personal
1037,Archived
1037,Category Promotions
1037,Unread
1037,Personal
1038,Archived
1038,Category Promotions
1038,Unread
1038,Personal
1039,Archived
1039,Category Promotions
1039,Unread
1039,Personal
1040,Archived
1040,Opened
1040,Category Promotions
1041,Archived
1041,Category Promotions
1041,Unread
1041,Personal
1042,Archived
1042,Category Promotions
1042,Unread
1042,Personal
1043,Archived
1043,Category Promotions
1043,Unread
1043,Personal
1044,Archived
1044,Category Promotions
1044,Unread
1044,Personal
1045,Archived
1045,Category Promotions
1045,Unread
1045,Personal
1046,Archived
1046,Category Promotions
1046,Unread
1046,Personal
1047,Archived
1047,Category Promotions
1047,Unread
1047,Personal
1048,Archived
1048,Category Promotions
1048,Unread
1048,Personal
1049,Archived
1049,Category Promotions
1049,Unread
1049,Personal
1050,Archived
1050,Opened
1050,Category Promotions
1051,Archived
1051,Opened
1051,Category Promotions
1052,Archived
1052,Opened
1052,Category Promotions
1052,Personal
1053,Archived
1053,Opened
1053,Category Promotions
1054,Archived
1054,Important
1054,Opened
1054,Category Promotions
1055,Archived
1055,Important
1055,Opened
1055,Category Promotions
1055,Personal
1056,Archived
1056,Opened
1056,Category Promotions
1056,Personal
1057,Archived
1057,Important
1057,Opened
1057,Category Promotions
1057,Personal
1058,Archived
1058,Opened
1058,Category Promotions
1059,Archived
1059,Opened
1059,Category Promotions
1059,Personal
1060,Archived
1060,Important
1060,Opened
1060,Category Promotions
1061,Archived
1061,Opened
1061,Category Promotions
1062,Archived
1062,Opened
1062,Category Promotions
1063,Archived
1063,Important
1063,Opened
1063,Category Promotions
1063,Personal
1064,Archived
1064,Important
1064,Opened
1064,Category Promotions
1065,Archived
1065,Important
1065,Opened
1065,Category Promotions
1066,Archived
1066,Important
1066,Opened
1066,Category Promotions
1066,Personal
1067,Archived
1067,Important
1067,Opened
1067,Category Promotions
1068,Archived
1068,Important
1068,Opened
1068,Category Promotions
1069,Archived
1069,Important
1069,Opened
1069,Category Promotions
1070,Category Promotions
1070,Unread
1071,Archived
1071,Category Promotions
1072,Archived
1072,Category Promotions
1073,Archived
1073,Category Promotions
1074,Archived
1074,Category Promotions
1075,Archived
1075,Category Promotions
1076,Category Promotions
1076,Unread
1077,Category Promotions
1077,Unread
1078,Category Promotions
1078,Unread
1079,Category Promotions
1079,Unread
1080,Category Promotions
1081,Category Promotions
1081,Unread
1082,Category Promotions
1082,Unread
1083,Category Promotions
1083,Unread
1084,Category Promotions
1084,Unread
1085,Category Promotions
1085,Unread
1086,Category Promotions
1086,Unread
1087,Category Promotions
1087,Unread
1088,Category Promotions
1089,Category Promotions
1089,Misc
