0,1,2,3,4,5
Club,Last Name,First Name,Position,2022 Base Salary,2022 Guar. Comp.
Atlanta United,Almada,Thiago,M-F,"$1,650,000.00","$2,332,000.00"
Atlanta United,Alonso,Osvaldo,M,"$84,000.00","$84,000.00"
Atlanta United,Ambrose,Mikey,D,"$85,444.00","$85,444.00"
Atlanta United,Araujo,Luiz,F-M,"$3,600,000.00","$4,480,333.00"
Atlanta United,Barco,Ezequiel,M,"$2,200,000.00","$2,200,000.00"
Atlanta United,Campbell,George,D,"$98,000.00","$98,000.00"
Atlanta United,Castanheira,Dylan,GK,"$85,444.00","$85,444.00"
Atlanta United,Centeno,Erik,D,"$65,500.00","$75,276.00"
Atlanta United,Chol,Machop,M,"$65,500.00","$65,500.00"
Atlanta United,Cisneros,Ronaldo,F,"$244,000.00","$244,000.00"
Atlanta United,Conway,Jackson,F,"$84,000.00","$84,000.00"
Atlanta United,De John,Alex,D,"$85,444.00","$85,444.00"
Atlanta United,Dwyer,Dom,F,"$84,000.00","$84,000.00"
Atlanta United,Franco,Alan,D,"$540,000.00","$667,500.00"
Atlanta United,Garces,Justin,GK,"$65,500.00","$65,500.00"
Atlanta United,Gudiño,Raúl,GK,"$200,000.00","$247,333.00"
Atlanta United,Gutman,Andrew,D,"$300,000.00","$331,250.00"
Atlanta United,Guzan,Brad,GK,"$445,716.00","$458,216.00"
Atlanta United,Hernandez,Ronald,D,"$300,000.00","$300,000.00"
Atlanta United,Hyndman,Emerson,M,"$657,143.00","$657,143.00"
Atlanta United,Ibarra,Franco,D-M,"$450,000.00","$520,000.00"
Atlanta United,Lennon,Brooks,D,"$500,000.00","$500,000.00"
Atlanta United,Lopez Samaniego,Erik,F,"$360,000.00","$528,300.00"
Atlanta United,Martinez,Josef,F,"$3,750,000.00","$4,141,667.00"
Atlanta United,McFadden,Aiden,D,"$65,500.00","$65,500.00"
Atlanta United,Morales,Efrain,D,"$65,500.00","$65,500.00"
Atlanta United,Moreno,Marcelino,F-M,"$460,000.00","$568,333.00"
Atlanta United,Mosquera,Edwin,M-F,"$300,000.00","$337,000.00"
Atlanta United,Purata,Juan Jose,D,"$400,000.00","$483,500.00"
Atlanta United,Rios-Novo,Rocco,GK,"$108,000.00","$115,530.00"
Atlanta United,Robinson,Miles,D,"$700,000.00","$737,500.00"
Atlanta United,Rossetto,Matheus,M,"$550,000.00","$662,500.00"
Atlanta United,Sejdic,Amar,M,"$85,444.00","$85,444.00"
Atlanta United,Sosa,Santiago,M-F,"$525,000.00","$643,100.00"
Atlanta United,Washington,Bryce,D,"$65,500.00","$65,500.00"
Atlanta United,Wiley,Caleb,D,"$65,500.00","$67,100.00"
Atlanta United,Wolff,Tyler,F-M,"$110,000.00","$114,500.00"
Austin FC,Asensio,Carlos,D,"$65,500.00","$65,500.00"
Austin FC,Cascante,Julio,D,"$310,000.00","$337,500.00"
Austin FC,Corozo,Washington,F,"$300,000.00","$327,500.00"
Austin FC,Djitte,Moussa,F,"$550,000.00","$550,000.00"
Austin FC,Driussi,Sebastian,F,"$2,200,000.00","$2,317,000.00"
Austin FC,Fagundez,Diego,M,"$450,000.00","$450,000.00"
Austin FC,Finlay,Ethan,M,"$350,000.00","$350,000.00"
Austin FC,Gabrielsen,Ruben,D,"$950,000.00","$950,000.00"
Austin FC,Gallagher,Jon,D,"$155,000.00","$155,000.00"
Austin FC,Hoesen,Danny,F,"$650,000.00","$716,667.00"
Austin FC,Jimenez,Hector,D,"$200,000.00","$200,000.00"
Austin FC,Keller,Kipp,D,"$84,000.00","$96,500.00"
Austin FC,Kleeman,Freddy,D,"$66,724.00","$66,724.00"
Austin FC,Kolmanic,Zan,D,"$300,000.00","$300,000.00"
Austin FC,Las,Damian,GK,"$65,500.00","$65,500.00"
Austin FC,Lima,Nick,D,"$350,000.00","$350,000.00"
Austin FC,Martins,Felipe,M,"$84,000.00","$84,000.00"
Austin FC,Pereira,Danny,M,"$84,000.00","$102,258.00"
Austin FC,Pochettino,Tomas,M,"$525,000.00","$585,000.00"
Austin FC,Pulisic,William,GK,"$66,724.00","$66,724.00"
Austin FC,Redes,Rodney,F,"$412,500.00","$412,500.00"
Austin FC,Rigoni,Emiliano,M,"$1,846,152.00","$2,294,152.00"
Austin FC,Ring,Alexander,M,"$1,500,000.00","$1,640,000.00"
Austin FC,Romana,Jhohan,D,"$440,000.00","$440,000.00"
Austin FC,Stroud,Jared,M,"$84,000.00","$84,000.00"
Austin FC,Stuver,Brad,GK,"$175,000.00","$185,000.00"
Austin FC,Tarbell,Andrew,GK,"$300,000.00","$308,333.00"
Austin FC,Urruti,Maximiliano,F,"$625,000.00","$661,250.00"
Austin FC,Valencia,Jhojan,M,"$355,000.00","$400,125.00"
Austin FC,Wolff,Owen,M,"$65,500.00","$78,553.00"
CF Montreal,Assi,Jean-Aniel,M,"$66,724.00","$74,104.00"
CF Montreal,Bassong,Zorhan,D,"$125,000.00","$137,500.00"
CF Montreal,Brault-Guillard,Zachary,D,"$275,000.00","$319,375.00"
CF Montreal,Breza,Sebastian,GK,"$84,000.00","$84,000.00"
CF Montreal,Camacho,Rudy,D,"$500,000.00","$554,000.00"
CF Montreal,Choiniere,Mathieu,M,"$125,000.00","$134,238.00"
CF Montreal,Corbo,Gabriele,D,"$120,192.00","$120,192.00"
CF Montreal,Ferdinand,Keesean,D,"$89,716.00","$99,936.00"
CF Montreal,Giraldo,Tomas,M,"$110,000.00","$121,000.00"
CF Montreal,Hamdi,Ahmed,M,"$475,000.00","$572,500.00"
CF Montreal,Ibrahim,Sunusi,F,"$200,000.00","$291,250.00"
CF Montreal,Johnsen,Bjorn,F,"$1,100,000.00","$1,236,667.00"
CF Montreal,Johnston,Alistair,M-D,"$400,000.00","$445,625.00"
CF Montreal,Kamara,Kei,F,"$84,000.00","$94,000.00"
CF Montreal,Ketterer,Logan,GK,"$84,000.00","$84,000.00"
CF Montreal,Koné,Ismael,M,"$65,500.00","$68,125.00"
CF Montreal,Kwizera,Jojea,M,"$65,500.00","$65,500.00"
CF Montreal,Lappalainen,Lassi,M,"$510,000.00","$540,000.00"
CF Montreal,Mihailovic,Djordje,M,"$700,000.00","$751,875.00"
CF Montreal,Miljevic,Matko,M,"$545,455.00","$593,364.00"
CF Montreal,Miller,Kamal,D,"$300,000.00","$345,000.00"
CF Montreal,Offor,Chinonso,F,"$159,996.00","$209,396.00"
CF Montreal,Pantemis,James,GK,"$145,000.00","$160,833.00"
CF Montreal,Piette,Samuel,M,"$400,000.00","$429,750.00"
CF Montreal,Quioto,Romell,F,"$800,000.00","$885,000.00"
CF Montreal,Rea,Sean,,"$66,724.00","$74,809.00"
CF Montreal,Saliba,Nathan-Dyla,,"$66,724.00","$77,200.00"
CF Montreal,Sirois,Jonathan,GK,"$84,000.00","$88,319.00"
CF Montreal,Thorkelsson,Robert,D,"$150,000.00","$173,500.00"
CF Montreal,Torres,Joaquin,M,"$230,000.00","$279,800.00"
CF Montreal,Toye,Mason,F,"$500,000.00","$558,000.00"
CF Montreal,Wanyama,Victor,M,"$2,400,000.00","$3,091,667.00"
CF Montreal,Waterman,Joel,D,"$125,000.00","$133,909.00"
CF Montreal,Yao,Karifa,D,"$85,444.00","$89,933.00"
CF Montreal,Zouhir,Rida,M,"$66,724.00","$74,809.00"
Charlotte FC,Afful,Harrison,D,"$300,000.00","$332,500.00"
Charlotte FC,Alcivar,Jordy,M,"$235,000.00","$325,600.00"
Charlotte FC,Armour,Adam,D,"$65,500.00","$65,500.00"
Charlotte FC,Bender,Benjamin,M,"$65,500.00","$83,000.00"
Charlotte FC,Bronico,Brandt,M,"$125,000.00","$134,330.00"
Charlotte FC,Byrne,Nathan,F,"$560,000.00","$607,833.00"
Charlotte FC,Corujo,Guzman,D,"$600,000.00","$633,500.00"
Charlotte FC,Franco,Alan Steven,M,"$480,000.00","$538,300.00"
Charlotte FC,Fuchs,Christian,D,"$375,000.00","$375,000.00"
Charlotte FC,Gaines,McKinze,F,"$84,000.00","$86,750.00"
Charlotte FC,Hegardt,Christopher,M,"$65,500.00","$73,012.00"
Charlotte FC,Jones,Derrick,M,"$185,000.00","$207,969.00"
Charlotte FC,Jóźwiak,Kamil,F-M,"$900,000.00","$1,017,000.00"
Charlotte FC,Kahlina,Kristijan,GK,"$425,000.00","$451,875.00"
Charlotte FC,Lindsey,Jaylin,D,"$200,000.00","$235,625.00"
Charlotte FC,Malanda,Adilson,D,"$250,000.00","$278,083.00"
Charlotte FC,Marks,George,GK,"$65,500.00","$65,500.00"
Charlotte FC,McNeill,Quinn,M,"$65,500.00","$65,500.00"
Charlotte FC,Mello,Vinicius,F,"$300,000.00","$334,900.00"
Charlotte FC,Mora,Joseph,D,"$200,000.00","$200,000.00"
Charlotte FC,Reyna,Yordy,M-F,"$797,500.00","$797,500.00"
Charlotte FC,Rios,Daniel,F,"$230,000.00","$251,500.00"
Charlotte FC,Romero,Brian,M,"$65,500.00","$76,333.00"
Charlotte FC,Santos,Koa,D,"$65,500.00","$65,500.00"
Charlotte FC,Santos,Nuno,M,"$500,000.00","$561,387.00"
Charlotte FC,Shinyashiki,Andre,F,"$140,000.00","$150,000.00"
Charlotte FC,Sisniega,Pablo,GK,"$180,000.00","$200,667.00"
Charlotte FC,Sobocinski,Jan,D,"$325,000.00","$351,250.00"
Charlotte FC,Świderski,Karol,F,"$2,200,000.00","$2,258,000.00"
Charlotte FC,Vargas,Kerwin,F,"$350,000.00","$392,167.00"
Charlotte FC,Walkes,Anton,D,"$325,000.00","$353,594.00"
Charlotte FC,Zendejas,Adrian,GK,"$84,000.00","$91,986.00"
Chicago Fire,Bezerra,Victor,F,"$84,000.00","$96,461.00"
Chicago Fire,Bornstein,Jonathan,D,"$300,000.00","$330,000.00"
Chicago Fire,Brady,Chris,GK,"$159,996.00","$183,246.00"
Chicago Fire,Burks,Kendall,D,"$84,000.00","$84,000.00"
Chicago Fire,Casas,Javier,M,"$84,000.00","$85,900.00"
Chicago Fire,Czichos,Rafael,D,"$1,300,000.00","$1,336,667.00"
Chicago Fire,Duran,Jhon Jader,F,"$120,000.00","$167,000.00"
Chicago Fire,Espinoza,Jhon,D,"$216,000.00","$242,500.00"
Chicago Fire,Gimenez,Gaston,M,"$2,060,000.00","$2,360,667.00"
Chicago Fire,Gutierrez,Brian,M,"$104,000.00","$105,900.00"
Chicago Fire,Herbers,Fabian,M,"$260,000.00","$281,250.00"
Chicago Fire,Ivanov,Stanislav,M,"$300,000.00","$359,000.00"
Chicago Fire,Monis,Alex,M,"$84,000.00","$85,900.00"
Chicago Fire,Mueller,Chris,M,"$549,996.00","$612,316.00"
Chicago Fire,Navarro,Miguel Angel,D,"$200,004.00","$240,204.00"
Chicago Fire,Navarro,Federico,M,"$200,004.00","$275,004.00"
Chicago Fire,Omsberg,Wyatt,D,"$140,000.00","$157,000.00"
Chicago Fire,Oregel,Sergio,M,"$65,500.00","$65,500.00"
Chicago Fire,Pineda,Mauricio,D-M,"$225,000.00","$248,875.00"
Chicago Fire,Przybylko,Kacper,F,"$1,100,004.00","$1,212,504.00"
Chicago Fire,Reynolds,Andre,D,"$90,000.00","$98,000.00"
Chicago Fire,Richey,Spencer,GK,"$132,000.00","$132,000.00"
Chicago Fire,Rodriguez,Allan,M,"$84,000.00","$85,900.00"
Chicago Fire,Rodriguez,Missael,F,"$65,500.00","$65,500.00"
Chicago Fire,Sekulic,Boris,D,"$596,000.00","$668,900.00"
Chicago Fire,Shaqiri,Xherdan,M,"$7,350,000.00","$8,153,000.00"
Chicago Fire,Slonina,Gabriel,GK,"$143,000.00","$147,800.00"
Chicago Fire,Teran,Carlos,D,"$200,000.00","$255,440.00"
Chicago Fire,Torres,Jairo,M,"$849,996.00","$1,219,329.00"
Colorado Rapi,sAbubakar,Lalas,D,"$235,000.00","$272,125.00"
Colorado Rapi,sAcosta,Bryan,M,"$650,000.00","$706,667.00"
Colorado Rapi,sAnderson,Sebastian,D,"$105,000.00","$106,667.00"
Colorado Rapi,sBarrios,Michael,M,"$650,000.00","$680,000.00"
Colorado Rapi,sBassett,Cole,M,"$450,000.00","$450,000.00"
Colorado Rapi,sBeitashour,Steven,D,"$150,000.00","$172,500.00"
Colorado Rapi,sEdwards,Michael,D,"$84,000.00","$84,000.00"
Colorado Rapi,sEsteves,Lucas,D,"$373,032.00","$426,092.00"
Colorado Rapi,sGalvan,Braian,F,"$318,000.00","$414,322.00"
Colorado Rapi,sGutierrez,Felipe,M,"$552,000.00","$569,250.00"
Colorado Rapi,sIrwin,Clint,GK,"$200,000.00","$213,300.00"
Colorado Rapi,sKeita,Aboubacar,D,"$135,000.00","$135,000.00"
Colorado Rapi,sLarraz,Oliver,M,"$65,500.00","$65,500.00"
Colorado Rapi,sLewis,Jonathan,F,"$410,000.00","$435,000.00"
Colorado Rapi,sMarkanich,Anthony,D,"$65,500.00","$65,500.00"
Colorado Rapi,sMayaka,Philip,M,"$100,000.00","$113,000.00"
Colorado Rapi,sMoor,Drew,D,"$150,000.00","$172,500.00"
Colorado Rapi,sNicholson,Sam,M,"$300,000.00","$335,313.00"
Colorado Rapi,sPrice,Jack,M,"$662,500.00","$725,000.00"
Colorado Rapi,sPriso,Ralph,M,"$85,444.00","$89,195.00"
Colorado Rapi,sRodriguez,Abraham,GK,"$84,000.00","$84,000.00"
Colorado Rapi,sRosenberry,Keegan,D,"$400,000.00","$400,000.00"
Colorado Rapi,sRubio Kostner,Diego,F,"$585,000.00","$629,583.00"
Colorado Rapi,sToure,"Dantouma ""","Fya""","$65,500.00","$80,118.00"
Colorado Rapi,sTravis,Jackson,M,"$65,500.00","$68,000.00"
Colorado Rapi,sVallecilla,Gustavo,D,"$312,000.00","$344,880.00"
Colorado Rapi,sWarner,Collen,M,"$84,000.00","$84,000.00"
Colorado Rapi,sWilson,Danny,D,"$330,000.00","$354,750.00"
Colorado Rapi,sYapi,Darren,F,"$65,500.00","$76,333.00"
Colorado Rapi,sYarbrough,William,GK,"$300,000.00","$375,000.00"
Colorado Rapi,sZardes,Gyasi,F,"$1,500,000.00","$1,550,000.00"
Colorado Rapi,s,Max,M,"$212,000.00","$293,360.00"
Columbus Cre,Anibaba,Jalil,D,"$150,000.00","$150,000.00"
Columbus Cre,Bush,Evan,GK,"$84,000.00","$84,000.00"
Columbus Cre,Degenek,Miloš,D,"$715,000.00","$812,000.00"
Columbus Cre,Diaz,Luis,M,"$375,000.00","$408,900.00"
Columbus Cre,Etienne,Derrick,M,"$175,000.00","$175,000.00"
Columbus Cre,Farsi,Mohamed,D,"$65,500.00","$75,333.00"
Columbus Cre,Hairston,Marlon,M-D,"$175,000.00","$175,000.00"
Columbus Cre,Hernandez,Cucho,F,"$2,600,000.00","$2,886,000.00"
Columbus Cre,Hurtado,Erik,F,"$84,000.00","$84,000.00"
Columbus Cre,Igbekeme,James,M,"$315,000.00","$408,281.00"
Columbus Cre,Kitchen,Perry,M,"$300,000.00","$326,667.00"
Columbus Cre,Lima,Artur,M,"$564,000.00","$615,633.00"
Columbus Cre,Matan,Alexandru,M,"$425,000.00","$458,250.00"
Columbus Cre,Mensah,Jonathan,D,"$1,000,000.00","$1,140,667.00"
Columbus Cre,Molino,Kevin,M,"$700,348.00","$700,348.00"
Columbus Cre,Moreira,Steven,D,"$550,000.00","$632,708.00"
Columbus Cre,Morris,Aidan,M,"$170,000.00","$172,000.00"
Columbus Cre,Morris,Jake,D,"$65,500.00","$65,500.00"
Columbus Cre,Nagbe,Darlington,M,"$1,760,000.00","$1,760,000.00"
Columbus Cre,Parente,Isaiah,M,"$66,724.00","$70,724.00"
Columbus Cre,Room,Eloy,GK,"$800,000.00","$883,000.00"
Columbus Cre,Russell-Rowe,Jacen,F,"$65,500.00","$72,866.00"
Columbus Cre,Sands,Will,D,"$84,000.00","$90,250.00"
Columbus Cre,Santos,Pedro,D,"$625,000.00","$687,500.00"
Columbus Cre,Schulte,Patrick,GK,"$84,000.00","$96,431.00"
Columbus Cre,Scott,Brady,GK,"$84,000.00","$84,000.00"
Columbus Cre,Williams,Josh,D,"$325,000.00","$325,000.00"
Columbus Cre,Yeboah,Yaw,M,"$600,000.00","$663,750.00"
Columbus Cre,Zawadzki,Sean,M,"$84,000.00","$89,000.00"
Columbus Cre,Zelarayan,Lucas,M,"$3,100,000.00","$3,700,000.00"
DC United,Akinmboni,Matai,D,"$65,500.00","$75,000.00"
DC United,Alfaro,Antonio,D,"$89,513.00","$89,513.00"
DC United,Benteke,Christian,F,"$4,000,000.00","$4,182,778.00"
DC United,Berry,Miguel,F,"$120,000.00","$120,000.00"
DC United,Birnbaum,Steven,D,"$750,000.00","$762,500.00"
DC United,Canouse,Russell,M,"$515,000.00","$515,000.00"
DC United,Djeffal,Sofiane,M,"$65,500.00","$65,500.00"
DC United,Durkin,Chris,M,"$400,000.00","$445,000.00"
DC United,Fletcher,Kristian,F,"$84,000.00","$105,189.00"
DC United,Fountas,Taxiarchis,F,"$1,600,000.00","$1,641,000.00"
DC United,Freeman,Tyler,F,"$110,000.00","$112,500.00"
DC United,Garay,Jeremy,M,"$65,500.00","$69,550.00"
DC United,Greene,Jacob,D-M,"$85,444.00","$88,444.00"
DC United,Guediri,Sami,D,"$84,000.00","$84,000.00"
DC United,Hamid,Bill,GK,"$700,000.00","$700,000.00"
DC United,Hines-Ike,Brendan,D,"$375,000.00","$417,917.00"
DC United,Hopkins,Jackson,M,"$65,500.00","$65,833.00"
DC United,Kamara,Ola,F,"$1,500,000.00","$1,520,000.00"
DC United,Kempin,Jon,GK,"$84,000.00","$84,000.00"
DC United,Ku-DiPietro,Theodore,M,"$65,500.00","$65,500.00"
DC United,Morrison,Ravel,M,"$850,000.00","$917,844.00"
DC United,Najar,Andy,D,"$375,000.00","$375,000.00"
DC United,Ochoa,David,GK,"$103,500.00","$103,500.00"
DC United,Odoi-Atsem,Chris,D,"$140,000.00","$151,000.00"
DC United,Palsson,Victor,M,"$850,000.00","$863,125.00"
DC United,Perez,Adrien,F,"$89,513.00","$89,513.00"
DC United,Pines,Donovan,D,"$150,000.00","$152,000.00"
DC United,Robertha,Nigel,F,"$550,000.00","$622,406.00"
DC United,Rodriguez,Martin,F-M,"$456,000.00","$597,200.00"
DC United,Romo,Rafael,GK,"$250,000.00","$285,833.00"
DC United,Samake,Gaoussou,D-M,"$84,000.00","$84,000.00"
DC United,Sargis,Hayden,D,"$65,500.00","$65,500.00"
DC United,Skundrich,Andrew,M-F,"$89,513.00","$89,513.00"
DC United,Smith,Brad,D,"$550,000.00","$591,250.00"
DC United,Smith,Kimarni,M-F,"$85,444.00","$85,444.00"
FC Cincinnati,Acosta,Luciano,M,"$1,943,500.00","$2,222,854.00"
FC Cincinnati,Atanga,Isaac,F,"$350,000.00","$364,000.00"
FC Cincinnati,Badji,Dominique,F,"$500,000.00","$555,000.00"
FC Cincinnati,Bailey,Zico,D,"$84,000.00","$84,000.00"
FC Cincinnati,Barreal,Alvaro,F,"$350,000.00","$350,000.00"
FC Cincinnati,Blackett,Tyler,D,"$840,000.00","$840,000.00"
FC Cincinnati,Cameron,Geoff,D,"$387,000.00","$469,000.00"
FC Cincinnati,Celentano,Roman,GK,"$84,000.00","$99,000.00"
FC Cincinnati,Cruz,Allan,M,"$1,140,000.00","$1,254,000.00"
FC Cincinnati,Gaddis,Ray,D,"$230,000.00","$230,000.00"
FC Cincinnati,Hagglund,Nick,D,"$84,000.00","$84,000.00"
FC Cincinnati,Harris,Calvin,F,"$85,444.00","$100,444.00"
FC Cincinnati,Kann,Alec,GK,"$200,000.00","$220,833.00"
FC Cincinnati,Kubo,Yuya,M,"$1,091,000.00","$1,206,750.00"
FC Cincinnati,Louro,Evan,GK,"$84,000.00","$84,000.00"
FC Cincinnati,Markanich,Nicholas,F,"$65,500.00","$65,500.00"
FC Cincinnati,Matarrita,Ronald,D,"$750,000.00","$806,875.00"
FC Cincinnati,Miazga,Matt,D,"$1,464,000.00","$1,464,000.00"
FC Cincinnati,Mines,Ben,M,"$84,000.00","$88,840.00"
FC Cincinnati,Moreno,Junior,M,"$325,000.00","$373,750.00"
FC Cincinnati,Murphy,Ian,D,"$65,500.00","$67,750.00"
FC Cincinnati,Nelson,John,D,"$65,500.00","$73,500.00"
FC Cincinnati,Nwobodo,Obinna,M,"$900,000.00","$1,028,100.00"
FC Cincinnati,Ordonez,Arquimides,F,"$65,500.00","$69,037.00"
FC Cincinnati,Powell,Alvas,D,"$150,000.00","$167,000.00"
FC Cincinnati,Robledo,Harrison,F,"$65,500.00","$86,391.00"
FC Cincinnati,Santos,Sergio,F,"$850,000.00","$918,500.00"
FC Cincinnati,Souza da Silva,Brenner,F,"$1,680,000.00","$2,218,600.00"
FC Cincinnati,Sunderland,Beckham,GK,"$84,000.00","$87,863.00"
FC Cincinnati,Vazquez,Brandon,F,"$275,000.00","$517,500.00"
FC Cincinnati,Vermeer,Kenneth,GK,"$84,000.00","$84,000.00"
FC Dallas,Arriola,Paul,M,"$1,100,000.00","$1,130,000.00"
FC Dallas,Bartlett,Lucas,D,"$84,000.00","$84,000.00"
FC Dallas,Carrera,Antonio,GK,"$65,500.00","$85,019.00"
FC Dallas,Cerrillo,Edwin,M,"$130,000.00","$145,000.00"
FC Dallas,Che,Justin,D,"$100,000.00","$109,209.00"
FC Dallas,Elmedkhar,Kalil,F,"$66,724.00","$66,724.00"
FC Dallas,Farfan,Marco,D,"$225,000.00","$225,000.00"
FC Dallas,Ferreira,Jesus,F,"$1,300,000.00","$1,499,000.00"
FC Dallas,Hedges,Matt,D,"$900,000.00","$900,000.00"
FC Dallas,Hernandez,Dominick,M,"$66,724.00","$76,438.00"
FC Dallas,Jara,Franco,F,"$2,540,000.00","$3,227,000.00"
FC Dallas,Kamungo,Bernard,M,"$84,000.00","$84,000.00"
FC Dallas,Lletget,Sebastian,M,"$900,000.00","$1,023,750.00"
FC Dallas,Martinez,Jose Antonio,D,"$650,000.00","$723,000.00"
FC Dallas,Maurer,Jimmy,GK,"$275,000.00","$292,887.00"
FC Dallas,Munjoma,Eddie,D,"$84,000.00","$84,000.00"
FC Dallas,Ntsabeleng,Tsiki,M,"$65,500.00","$65,500.00"
FC Dallas,Obrian,Jader,F,"$382,500.00","$467,100.00"
FC Dallas,Paes,Maarten,GK,"$150,000.00","$187,500.00"
FC Dallas,Parker,Isaiah,D,"$65,500.00","$77,500.00"
FC Dallas,Pomykal,Paxton,M,"$700,000.00","$700,000.00"
FC Dallas,Quignon,Facundo,M,"$786,000.00","$840,627.00"
FC Dallas,Quiñónez,Joshué,D,"$180,000.00","$227,833.00"
FC Dallas,Redzic,Beni,M,"$66,724.00","$74,346.00"
FC Dallas,Roberts,Thomas,M,"$160,000.00","$172,000.00"
FC Dallas,Sealy,Dante,F,"$140,000.00","$164,417.00"
FC Dallas,Servania,Brandon,M,"$400,000.00","$455,833.00"
FC Dallas,Smith,Collin,D,"$90,000.00","$93,000.00"
FC Dallas,Tafari Burgess,Nkosi,D,"$197,950.00","$197,950.00"
FC Dallas,Twumasi,Ema,D,"$290,000.00","$309,300.00"
FC Dallas,Velasco,Alan,F,"$1,100,000.00","$1,305,000.00"
FC Dallas,,Nanu,D,"$600,000.00","$668,750.00"
Houston Dyna,oAvila,Beto,F-M,"$65,500.00","$65,500.00"
Houston Dyna,oBaird,Corey,F,"$440,000.00","$471,031.00"
Houston Dyna,oBajamich,Mateo,F,"$286,000.00","$346,069.00"
Houston Dyna,oBartlow,Ethan,D,"$84,000.00","$91,500.00"
Houston Dyna,oCarrasquilla,Adalberto,M,"$418,908.00","$469,132.00"
Houston Dyna,oCastilla,Juan,M,"$65,500.00","$70,022.00"
Houston Dyna,oCeren,Darwin,M,"$190,000.00","$240,000.00"
Houston Dyna,oClark,Steve,GK,"$560,000.00","$620,031.00"
Houston Dyna,oDorsey,Griffin,D,"$125,000.00","$144,000.00"
Houston Dyna,oFernandes,Thiago,F,"$310,344.00","$370,344.00"
Houston Dyna,oFerreira,Sebastián,F,"$1,600,000.00","$1,970,200.00"
Houston Dyna,oHadebe,Teenage,D,"$1,014,000.00","$1,179,177.00"
Houston Dyna,oHerrera,Hector,M,"$4,750,000.00","$5,246,875.00"
Houston Dyna,oHoffmann,Ian,D,"$85,444.00","$85,444.00"
Houston Dyna,oJunqua,Sam,D,"$89,513.00","$89,513.00"
Houston Dyna,oLemoine,Nico,F,"$84,000.00","$84,000.00"
Houston Dyna,oLundkvist,Adam,D,"$325,000.00","$372,500.00"
Houston Dyna,oNelson,Michael,GK,"$125,000.00","$139,500.00"
Houston Dyna,oPalomino,Marcelo,M,"$84,000.00","$84,000.00"
Houston Dyna,oParker,Tim,D,"$1,000,000.00","$1,037,500.00"
Houston Dyna,oPicault,Fafa,F,"$600,000.00","$600,000.00"
Houston Dyna,oQuinones,Nelson,F,"$150,996.00","$171,890.00"
Houston Dyna,oQuintero,Darwin,F,"$600,000.00","$661,250.00"
Houston Dyna,oRaines,Brooklyn,M,"$65,500.00","$83,563.00"
Houston Dyna,oRios,Daniel Esteb,nM,"$65,500.00","$70,022.00"
Houston Dyna,oRodriguez,Memo,M,"$285,000.00","$310,935.00"
Houston Dyna,oSteres,Daniel,D,"$450,000.00","$468,750.00"
Houston Dyna,oUlfarsson,Thorleifur,F,"$65,500.00","$77,699.00"
Houston Dyna,oValdez,Xavier,GK,"$65,500.00","$75,211.00"
Houston Dyna,oValentin,Zarek,D,"$260,000.00","$290,000.00"
Houston Dyna,oVera,Matias Gabri,lM,"$550,000.00","$622,812.00"
Houston Dyna,o,Zeca,D,"$218,182.00","$259,015.00"
Inter Miami,Acosta,George,M,"$65,500.00","$65,500.00"
Inter Miami,Allen,Noah,D,"$65,500.00","$67,167.00"
Inter Miami,Azcona Velez,Edison,M,"$65,500.00","$65,500.00"
Inter Miami,Callender,Drake,GK,"$130,000.00","$130,000.00"
Inter Miami,Campana,Leonardo,F,"$84,000.00","$135,680.00"
Inter Miami,De Magalhaes Silv,Gregore,M,"$700,000.00","$801,000.00"
Inter Miami,Dos Santos,CJ,GK,"$65,500.00","$70,800.00"
Inter Miami,Duke,Bryce,M,"$122,000.00","$122,000.00"
Inter Miami,Fray,Ian,D,"$84,000.00","$84,000.00"
Inter Miami,Gibbs,Kieran,D,"$370,000.00","$378,167.00"
Inter Miami,Gonzalez Pirez,Leandro,D,"$892,500.00","$1,052,750.00"
Inter Miami,Higuain,Gonzalo Ger,rFdo,"$5,100,000.00","$5,793,750.00"
Inter Miami,Jean,Corentin,F,"$720,000.00","$788,400.00"
Inter Miami,Jones,Joevin Marti,D-M,"$360,000.00","$458,100.00"
Inter Miami,Lassiter,Ariel,F,"$210,000.00","$230,280.00"
Inter Miami,Lowe,Damion,D,"$225,000.00","$268,333.00"
Inter Miami,Mabika,Aime,D,"$65,500.00","$73,625.00"
Inter Miami,Marsman,Nick,GK,"$474,996.00","$587,184.00"
Inter Miami,Matuidi,Blaise,M,"$1,500,000.00","$1,500,000.00"
Inter Miami,McVey,Christopher,D,"$199,992.00","$224,292.00"
Inter Miami,Mota,Jean,D-M,"$700,000.00","$805,000.00"
Inter Miami,Neville,Harvey,D,"$65,500.00","$65,500.00"
Inter Miami,Pizarro,Rodolfo,M-F,"$3,050,000.00","$3,350,000.00"
Inter Miami,Pozuelo,Alejandro,M,"$3,800,000.00","$4,693,000.00"
Inter Miami,Robinson,Robert,F,"$140,000.00","$185,000.00"
Inter Miami,Rodriguez,Emerson,M,"$315,000.00","$350,500.00"
Inter Miami,Sailor,Ryan,D,"$65,500.00","$65,500.00"
Inter Miami,Shea,Brek,M-D,"$182,000.00","$206,100.00"
Inter Miami,Taylor,Robert,F,"$252,000.00","$278,900.00"
Inter Miami,Ulloa,Victor,M,"$250,000.00","$250,000.00"
Inter Miami,Valencia-Barona,Felipe,F,"$65,500.00","$65,500.00"
Inter Miami,Vassilev,Indiana,F,"$84,000.00","$134,000.00"
Inter Miami,Yedlin,DeAndre,D,"$800,000.00","$848,750.00"
LA Galaxy,Aguirre,Daniel,M-F,"$66,724.00","$66,724.00"
LA Galaxy,Alvarez,Efrain,M,"$600,000.00","$706,250.00"
LA Galaxy,Araujo,Julian,D,"$575,000.00","$678,750.00"
LA Galaxy,Bond,Jonathan,GK,"$475,000.00","$526,875.00"
LA Galaxy,Brugman,Gastón,M,"$1,200,000.00","$1,409,000.00"
LA Galaxy,Cabral,Kevin,F,"$1,650,000.00","$1,650,000.00"
LA Galaxy,Caceres,Martin,D,"$240,000.00","$294,400.00"
LA Galaxy,Costa,Douglas,F,"$3,000,000.00","$5,800,000.00"
LA Galaxy,Coulibaly,Sega,D,"$420,000.00","$457,000.00"
LA Galaxy,Delgado,Marco,M,"$650,000.00","$726,250.00"
LA Galaxy,DePuy,Nick,D,"$231,000.00","$231,000.00"
LA Galaxy,Dunbar,Cameron,F,"$120,000.00","$136,750.00"
LA Galaxy,Edwards,Raheem,D-M,"$275,000.00","$307,500.00"
LA Galaxy,Esparza-Saldana,Adam,M,"$89,513.00","$89,513.00"
LA Galaxy,Ferkranus,Marcus,D,"$100,000.00","$113,625.00"
LA Galaxy,Gasper,Chase,D,"$375,000.00","$400,000.00"
LA Galaxy,Grandsir,Samuel,F-M,"$900,000.00","$988,427.00"
LA Galaxy,Harvey,Carlos Migue,D-M,"$84,000.00","$84,000.00"
LA Galaxy,Hernandez,Javier,F,"$6,000,000.00","$7,443,750.00"
LA Galaxy,Joveljic,Dejan,F,"$612,500.00","$612,500.00"
LA Galaxy,Judd,Preston,F,"$65,500.00","$65,500.00"
LA Galaxy,Klinsmann,Jonathan,GK,"$200,000.00","$200,000.00"
LA Galaxy,Kljestan,Sacha,M,"$84,000.00","$84,000.00"
LA Galaxy,Leerdam,Kelvin,D,"$300,000.00","$335,000.00"
LA Galaxy,Neal,Jalen,D,"$100,000.00","$113,625.00"
LA Galaxy,Perez,Jonathan,M,"$150,000.00","$171,750.00"
LA Galaxy,Puig,Ricard,M,"$1,612,500.00","$1,695,000.00"
LA Galaxy,Sanchez,Richard,GK,"$84,000.00","$84,000.00"
LA Galaxy,Vazquez,Victor,M,"$440,000.00","$440,000.00"
LA Galaxy,Villafaña,Jorge,D,"$450,000.00","$486,667.00"
LA Galaxy,Williams,Derrick,D,"$750,000.00","$821,458.00"
LA Galaxy,Zavaleta,Eriq,D,"$84,000.00","$84,000.00"
LAFC,Acosta,Kellyn,M,"$1,100,000.00","$1,215,000.00"
LAFC,Arango,Cristian,M-F,"$624,000.00","$683,000.00"
LAFC,Bale,Gareth,M-F,"$1,600,000.00","$2,386,667.00"
LAFC,Blessing,Latif,M,"$400,000.00","$416,667.00"
LAFC,Bouanga,Denis,F,"$2,083,333.00","$2,083,333.00"
LAFC,Chiellini,Giorgio,D,"$1,000,000.00","$1,075,000.00"
LAFC,Cifuentes,Jose,M,"$367,875.00","$411,750.00"
LAFC,Crepeau,Maxime,GK,"$275,000.00","$302,500.00"
LAFC,Duenas,Erik,D,"$100,000.00","$102,000.00"
LAFC,Escobar,Franco,D,"$550,008.00","$550,008.00"
LAFC,Fall,Mamadou,D-M,"$106,000.00","$118,750.00"
LAFC,Gaines,Julian,F,"$85,444.00","$87,444.00"
LAFC,Ginella,Francisco,M,"$450,000.00","$572,250.00"
LAFC,Hollingshead,Ryan,D,"$393,750.00","$393,750.00"
LAFC,Ibeagha,Sebastien,D,"$225,000.00","$252,125.00"
LAFC,Jennings,Cal,F,"$84,000.00","$84,000.00"
LAFC,Leone,Antonio,D-M,"$100,000.00","$102,000.00"
LAFC,McCarthy,John,GK,"$110,000.00","$110,000.00"
LAFC,Méndez,Jhegson Seb,Mstián,"$600,000.00","$636,750.00"
LAFC,Murillo,Jesus,D,"$450,000.00","$509,500.00"
LAFC,Opoku,Kwadwo,F-M,"$92,000.00","$133,095.00"
LAFC,Ordaz,Nathan,F,"$65,500.00","$68,000.00"
LAFC,Palacios,Diego,D,"$486,000.00","$510,000.00"
LAFC,Romero,Tomas,GK,"$90,000.00","$95,000.00"
LAFC,Sanchez,Ilie,M,"$1,150,000.00","$1,150,000.00"
LAFC,Segura,Eddie,D,"$200,000.00","$224,000.00"
LAFC,Tello,Cristian,F,"$1,333,333.00","$1,725,069.00"
LAFC,Torres,Christian,F,"$90,000.00","$101,230.00"
LAFC,Traore,Mohamed,D,"$100,000.00","$100,000.00"
LAFC,Trejo,Danny,F,"$65,500.00","$65,500.00"
LAFC,Vela,Carlos,F,"$2,400,000.00","$2,737,500.00"
Major League,oBcacrebrer,Grayson,F,"$84,000.00","$87,750.00"
Major League,oCcocreorna,Joe,M,"$300,000.00","$315,000.00"
Major League,oHcucnedrley,Matt,F,"$110,000.00","$119,000.00"
Minnesota Unit,Admarilla,Luis,F,"$650,000.00","$785,000.00"
Minnesota Unit,Adrriaga,Kervin,M,"$84,000.00","$103,667.00"
Minnesota Unit,Bdenitez,Alan,D,"$380,000.00","$437,250.00"
Minnesota Unit,Bdoxall,Michael,D,"$602,210.00","$655,307.00"
Minnesota Unit,Ddanladi,Abu,F,"$135,000.00","$142,125.00"
Minnesota Unit,Ddibassy,Bakaye,D,"$650,000.00","$743,125.00"
Minnesota Unit,Ddick,Eric,GK,"$84,000.00","$84,000.00"
Minnesota Unit,Ddotson,Hassani,M-D,"$400,000.00","$457,500.00"
Minnesota Unit,Edmmings,Fred,GK,"$84,000.00","$90,000.00"
Minnesota Unit,Fdisher,Oniel,D,"$120,000.00","$133,000.00"
Minnesota Unit,Fdragapane,Franco,M-F,"$249,996.00","$257,496.00"
Minnesota Unit,Gdarcia,Ménder,F,"$300,000.00","$322,313.00"
Minnesota Unit,Gdonzalez,Jonathan,M,"$240,000.00","$245,000.00"
Minnesota Unit,Hdansen,Niko,M,"$200,400.00","$219,400.00"
Minnesota Unit,Hdayes,Jacori,M,"$190,000.00","$199,833.00"
Minnesota Unit,Hdlongwane,Bongokuhle,F,"$530,000.00","$580,000.00"
Minnesota Unit,Jdackson,Aziel,M-F,"$66,724.00","$70,633.00"
Minnesota Unit,Kdallman,Brent,D,"$160,000.00","$168,000.00"
Minnesota Unit,Kdibunguchy,Nabilai,F,"$66,724.00","$66,724.00"
Minnesota Unit,Ldawrence,Kemar,D,"$400,000.00","$482,500.00"
Minnesota Unit,Ldod,Robin,M-F,"$849,996.00","$952,496.00"
Minnesota Unit,Md cMaster,Justin,M,"$66,724.00","$66,724.00"
Minnesota Unit,Md etanire,Romain,D,"$720,000.00","$819,250.00"
Minnesota Unit,Md iller,Tyler,GK,"$425,000.00","$445,938.00"
Minnesota Unit,Md ontgomery,Callum,D,"$85,444.00","$87,361.00"
Minnesota Unit,Od luwaseyi,Tani,M-F,"$65,500.00","$65,500.00"
Minnesota Unit,Pdadelford,Devin,D,"$65,500.00","$72,500.00"
Minnesota Unit,Rdeynoso,Emanuel,M,"$850,000.00","$1,066,910.00"
Minnesota Unit,Rdosales,Joseph,M,"$65,500.00","$65,500.00"
Minnesota Unit,Sdt. Clair,Dayne,GK,"$300,000.00","$321,875.00"
Minnesota Unit,Tdaylor,David,M,"$85,444.00","$85,444.00"
Minnesota Unit,Tdrapp,Wil,M,"$784,875.00","$784,875.00"
Minnesota Unit,Wd eah,Patrick,M-F,"$66,724.00","$79,910.00"
Nashville SC,Anunga,Tah Brian,M,"$156,000.00","$176,000.00"
Nashville SC,Bauer,Josh,D,"$66,724.00","$66,724.00"
Nashville SC,Bunbury,Teal,M-F,"$400,000.00","$444,167.00"
Nashville SC,Bwana,Handwalla,F-M,"$140,000.00","$140,000.00"
Nashville SC,Castellanos,Robert,D,"$84,000.00","$84,000.00"
Nashville SC,Davis,Sean,M,"$637,500.00","$637,500.00"
Nashville SC,Donasiyano,Irakoze,M-D,"$66,724.00","$66,724.00"
Nashville SC,Godoy,Anibal,M,"$800,000.00","$871,250.00"
Nashville SC,Haakenson,Luke,M,"$84,000.00","$84,000.00"
Nashville SC,Leal,Randall,F-M,"$850,000.00","$965,000.00"
Nashville SC,Loba,Ake,F,"$1,250,000.00","$1,491,475.00"
Nashville SC,Longmire,Ahmed,M-D,"$65,500.00","$65,500.00"
Nashville SC,Lovitz,Daniel,D,"$498,750.00","$498,750.00"
Nashville SC,Maher,Jack,D,"$130,000.00","$164,000.00"
Nashville SC,McCarty,Dax,M,"$475,000.00","$517,500.00"
Nashville SC,Meredith,Bryan,GK,"$84,000.00","$84,000.00"
Nashville SC,Meyer,William,GK,"$65,500.00","$65,500.00"
Nashville SC,Miller,Eric,D,"$168,000.00","$168,000.00"
Nashville SC,Moore,Shaquell,D,"$700,000.00","$779,400.00"
Nashville SC,Mukhtar,Hany,M,"$1,637,500.00","$1,926,250.00"
Nashville SC,Muyl,Alex,M,"$325,000.00","$331,562.00"
Nashville SC,Panicco,Elliot,GK,"$85,444.00","$85,444.00"
Nashville SC,Pineiro,Rodrigo,F,"$275,000.00","$372,500.00"
Nashville SC,Romney,Dave,D,"$475,000.00","$475,000.00"
Nashville SC,Sapong,CJ,F,"$550,000.00","$550,000.00"
Nashville SC,Shaffelburg,Jacob,M-F,"$130,000.00","$136,500.00"
Nashville SC,Washington,Taylor,D-M,"$93,989.00","$107,570.00"
Nashville SC,Willis,Joe,GK,"$300,000.00","$316,250.00"
Nashville SC,Zimmerman,Walker,D,"$2,088,235.00","$2,345,214.00"
Nashville SC,Zubak,Ethan,F,"$116,000.00","$130,000.00"
New England,eAvlotilduotiroen,Jozy,F,"$3,706,139.00","$4,264,963.00"
New England,eBvoajlruatkiotanrevic,Esmir,M,"$65,500.00","$71,559.00"
New England,eBvoellution,Jon,D,"$84,000.00","$84,000.00"
New England,eBvoalutetinogn,Emmanuel,M,"$225,000.00","$225,000.00"
New England,eBvorluretrion,Dylan,F,"$550,000.00","$613,962.00"
New England,eBvoulution,Gustavo,M-F,"$2,500,000.00","$2,675,000.00"
New England,eBvoucluktion,Noel,M,"$65,500.00","$65,500.00"
New England,eBvoyelution,Brandon,D,"$325,000.00","$343,813.00"
New England,eDvoeLluatGioanrza,AJ,D-M,"$250,000.00","$250,000.00"
New England,eDvoiolpution,Clement,GK,"$125,000.00","$136,250.00"
New England,eEvdowluatirodns,Earl,GK,"$84,000.00","$84,000.00"
New England,eFvaorlruetlilon,Andrew,D,"$425,000.00","$443,750.00"
New England,eGvoillution,Carles,M,"$3,250,000.00","$3,545,833.00"
New England,eGvoillution,Nacho,M,"$100,000.00","$100,000.00"
New England,eGvolnuztaiolenz,Omar,D,"$425,000.00","$450,000.00"
New England,eJvaoclukstion,Jacob,GK,"$65,500.00","$65,500.00"
New England,eJvonluetsion,DeJuan,D-M,"$350,000.00","$370,000.00"
New England,eKvaoplutotiuomn,Wilfrid,M,"$525,000.00","$582,500.00"
New England,eKveoslustleiorn,Henry,D,"$150,000.00","$170,000.00"
New England,eKviozlzuation,Edward,F,"$66,724.00","$66,724.00"
New England,eKvnoilguhtiton,Brad,GK,"$150,000.00","$157,500.00"
New England,eMvoalcuiteilo Fnelix,Lucas,M,"$69,902.00","$69,902.00"
New England,eMvoalkuotiuonn,Christian,D-M,"$200,000.00","$200,000.00"
New England,eMvoclNutaimonara,Thomas,M,"$240,000.00","$240,000.00"
New England,ePveotlruotvioićn,Dorde,GK,"$225,000.00","$225,000.00"
New England,ePvolsutteior n,Matt,D-M,"$325,000.00","$353,437.00"
New England,eRvoenluntiicokns,Justin,F,"$110,000.00","$120,000.00"
New England,eRvoevluetnion,Benjamin,D,"$65,500.00","$65,500.00"
New England,eRvoivleurtaion,Damian,M,"$84,000.00","$84,000.00"
New England,eSvpoaluutlidoing,Ryan,M,"$65,500.00","$65,500.00"
New England,eTvaojoluutriio-Snhradi,Ismael,F,"$606,375.00","$647,860.00"
New England,eVvroioluntiion,Giacomo,F,"$1,500,000.00","$1,747,500.00"
New York City,CAcevedo,Nicolas,D-M,"$200,000.00","$244,800.00"
New York City,CAmundsen,Malte,D,"$270,000.00","$308,700.00"
New York City,CAraujo dos Santos,Heber,F,"$825,000.00","$914,000.00"
New York City,CBarraza,Luis,GK,"$125,000.00","$132,688.00"
New York City,CBenalcázar,Nico,D,"$65,500.00","$65,500.00"
New York City,C allens,Alexander,D,"$750,000.00","$814,000.00"
New York City,C arrizo,Maximo,M,"$65,500.00","$84,357.00"
New York City,C astellanos,Valentin,M,"$900,000.00","$1,076,000.00"
New York City,C hanot,Maxime,D,"$700,000.00","$700,000.00"
New York City,CDe Andrade,Thiago,F,"$180,000.00","$199,600.00"
New York City,CGloster,Christopher,D,"$228,000.00","$238,000.00"
New York City,CGray,Tayvon,D,"$125,000.00","$144,788.00"
New York City,CHaak,Justin,M,"$85,444.00","$85,444.00"
New York City,CJasson,Andres,M,"$100,000.00","$117,144.00"
New York City,CJimenez,Jonathan,F,"$65,500.00","$65,500.00"
New York City,CJohnson,Sean,GK,"$550,000.00","$550,000.00"
New York City,CLatinovich,Vukashin,D,"$85,444.00","$85,444.00"
New York City,CMagno,Talles,F,"$950,000.00","$1,198,000.00"
New York City,CMartins,Thiago,D,"$1,500,000.00","$1,962,000.00"
New York City,CMcFarlane,Christian,M,"$65,500.00","$83,756.00"
New York City,CMitrita,Alexandru,F,"$1,150,000.00","$1,150,000.00"
New York City,CMizell,Cody,GK,"$85,444.00","$85,444.00"
New York City,CMorales,Alfredo,M,"$600,000.00","$662,250.00"
New York City,CMoralez,Maxi,M,"$670,000.00","$1,300,000.00"
New York City,CO'Toole,Kevin,F,"$65,500.00","$65,500.00"
New York City,COwusu,Samuel,D,"$85,444.00","$85,444.00"
New York City,CParks,Keaton,M,"$500,000.00","$500,000.00"
New York City,CPellegrini,Matias,M-F,"$875,000.00","$970,833.00"
New York City,CPereira,Gabriel,F,"$555,000.00","$624,500.00"
New York City,CRodriguez,Santiago,M,"$612,500.00","$612,500.00"
New York City,CSands,James,D-M,"$400,000.00","$493,956.00"
New York City,CTinnerholm,Anton,D,"$750,000.00","$800,000.00"
New York City,CZelalem,Gedion,M,"$84,000.00","$84,000.00"
New York Red,uAlmlsaya,Frankie,M,"$325,000.00","$381,406.00"
New York Red,uBlalsrlow,Tom,F,"$175,000.00","$188,151.00"
New York Red,uClalsrmona,Wikelman,M,"$66,724.00","$69,474.00"
New York Red,uClalsseres,Cristian,M,"$230,000.00","$274,000.00"
New York Red,uClals tellano,Jesus,M,"$65,500.00","$70,868.00"
New York Red,uClllasrk,Caden,M,"$148,800.00","$331,850.00"
New York Red,uClolsronel,Carlos Migue,GK,"$480,000.00","$529,660.00"
New York Red,uDlulsncan,Kyle,D,"$268,212.00","$293,610.00"
New York Red,uEldlselman,Daniel,M,"$84,000.00","$91,582.00"
New York Red,uElslstrela,Bento,M,"$66,724.00","$90,724.00"
New York Red,uFellsrnandez,Omir,M,"$140,000.00","$155,000.00"
New York Red,uHlalsrper,Cameron,M-F,"$225,000.00","$276,250.00"
New York Red,uKllismala,Patryk,F,"$1,000,000.00","$1,135,000.00"
New York Red,uLall sCava,Jake,F,"$65,500.00","$65,500.00"
New York Red,uLollsng,Aaron,D,"$1,050,000.00","$1,080,000.00"
New York Red,uMllasnoel,Elias,F,"$360,000.00","$374,800.00"
New York Red,"uMllasrcucci, Jr.",Anthony,GK,"$66,724.00","$66,724.00"
New York Red,uMllesara,Ryan,GK,"$324,000.00","$324,000.00"
New York Red,uMllosrgan,Lewis,M-F,"$650,000.00","$653,125.00"
New York Red,uNl'ldsam,Hassan,D,"$84,000.00","$84,000.00"
New York Red,uNlelsalis,Sean,D,"$175,000.00","$196,875.00"
New York Red,uNlelsalis,Dylan,D,"$175,000.00","$200,000.00"
New York Red,uNlglsoma,Serge,F,"$65,500.00","$85,451.00"
New York Red,uNlolscita,Matthew,D,"$84,000.00","$84,000.00"
New York Red,uRlelsyes,Andres,D,"$425,000.00","$469,375.00"
New York Red,uRlylsan,Zach,F,"$65,500.00","$65,500.00"
New York Red,uSlolswe,Omar,F,"$84,000.00","$93,086.00"
New York Red,uSlslserwadda,Steven,M,"$65,500.00","$65,500.00"
New York Red,uTolllskin,John,D,"$100,000.00","$105,000.00"
New York Red,uYellasrwood,Dru,M,"$500,000.00","$568,750.00"
New York Red,ulls,Luquinhas,F,"$1,050,000.00","$1,173,125.00"
Orlando City S,Akindele,Tesho,F,"$325,000.00","$340,000.00"
Orlando City S,Alvarado,Alexander,F,"$300,000.00","$318,240.00"
Orlando City S,Angulo,Iván,F,"$348,000.00","$380,660.00"
Orlando City S,Araújo,César,M,"$180,000.00","$261,000.00"
Orlando City S,Cartagena,Wilder,M,"$240,000.00","$280,250.00"
Orlando City S,Cunha Capocasali,JAuntiornio Carl,sD,"$900,000.00","$925,000.00"
Orlando City S,De Almeida Junior,Ocimar,M,"$750,000.00","$780,000.00"
Orlando City S,Dezart,Joseph,M,"$89,716.00","$89,716.00"
Orlando City S,Freeman,Alex,D,"$65,500.00","$69,500.00"
Orlando City S,Gallese,Pedro,GK,"$515,000.00","$515,000.00"
Orlando City S,Gioacchini,Nicholas,F,"$350,004.00","$369,287.00"
Orlando City S,Gonzalez,Gaston,M,"$330,000.00","$332,000.00"
Orlando City S,Grinwis,Adam,GK,"$85,444.00","$85,444.00"
Orlando City S,Halliday,Michael,D,"$89,716.00","$99,447.00"
Orlando City S,Jansson,Robin,D,"$525,000.00","$581,250.00"
Orlando City S,Kara,Ercan,F,"$1,860,000.00","$1,860,000.00"
Orlando City S,Lynn,Jack,F,"$65,500.00","$65,500.00"
Orlando City S,Michel,Benji,F,"$115,000.00","$121,303.00"
Orlando City S,Moutinho,Joao,D,"$220,000.00","$263,000.00"
Orlando City S,Mulraney,Jake,M,"$301,600.00","$338,777.00"
Orlando City S,Pato,Alexandre,F,"$400,000.00","$400,000.00"
Orlando City S,Perea,Andres,M,"$240,000.00","$248,500.00"
Orlando City S,Pereyra,Mauricio,M,"$1,100,000.00","$1,348,000.00"
Orlando City S,Rivera,Wilfredo,M,"$66,724.00","$66,724.00"
Orlando City S,Schlegel,Rodrigo,D,"$200,000.00","$200,000.00"
Orlando City S,Smith,Kyle,D,"$128,580.00","$141,244.00"
Orlando City S,Stajduhar,Mason,GK,"$89,716.00","$89,716.00"
Orlando City S,Teixeira,Ruan,D,"$360,000.00","$360,000.00"
Orlando City S,Torres,Facundo,F,"$600,000.00","$953,200.00"
Orlando City S,Williams,Thomas,D,"$66,724.00","$73,254.00"
Philadelphia U,ioAnaronson,Paxten,M,"$107,500.00","$111,500.00"
Philadelphia U,ioAnremeyaw,Abasa,D,"$65,500.00","$76,500.00"
Philadelphia U,ioBnedoya,Alejandro,M,"$900,000.00","$1,110,000.00"
Philadelphia U,ioBnendik,Joe,GK,"$250,000.00","$250,000.00"
Philadelphia U,ioBnlake,Andre,GK,"$750,000.00","$869,375.00"
Philadelphia U,ioBnueno,Jesus,M,"$140,000.00","$155,378.00"
Philadelphia U,ioBnurke,Cory,F,"$400,000.00","$450,770.00"
Philadelphia U,ioCnarranza,Julian,F,"$900,000.00","$900,000.00"
Philadelphia U,ioCnraig,Brandan,M,"$85,000.00","$97,825.00"
Philadelphia U,ioDnonovan,Christopher,F,"$65,500.00","$65,500.00"
Philadelphia U,ioEnlliott,Jack,D,"$700,000.00","$793,750.00"
Philadelphia U,ioFlnach,Leon,M,"$250,000.00","$263,750.00"
Philadelphia U,ioFrneese,Matt,GK,"$118,250.00","$137,000.00"
Philadelphia U,ioGnazdag,Daniel,M-F,"$550,000.00","$586,250.00"
Philadelphia U,ioGnlesnes,Jakob,D,"$675,000.00","$739,063.00"
Philadelphia U,ioHnarriel,Nathan,D,"$90,000.00","$107,500.00"
Philadelphia U,ioMnartinez,Jose Andres,M,"$250,000.00","$276,250.00"
Philadelphia U,ioMnbaizo,Olivier,D,"$300,000.00","$367,343.00"
Philadelphia U,ioMncGlynn,Jack,M,"$77,500.00","$91,400.00"
Philadelphia U,ioOndada,Richard,M,"$84,000.00","$100,280.00"
Philadelphia U,ioPnortella,Gino,D,"$85,444.00","$99,169.00"
Philadelphia U,ioRnafanello,Jeremy,,"$65,500.00","$74,774.00"
Philadelphia U,ioRneal,Matthew,D,"$105,000.00","$105,000.00"
Philadelphia U,ioSnorenson,Anthony,M,"$85,444.00","$88,444.00"
Philadelphia U,ioSnullivan,Quinn,M,"$100,000.00","$103,500.00"
Philadelphia U,ioTunrner,Cole,M,"$89,716.00","$92,716.00"
Philadelphia U,ioUnhre,Mikael,F,"$1,400,000.00","$1,666,250.00"
Philadelphia U,ioWnagner,Kai,D,"$510,000.00","$581,000.00"
Portland Timb,rsAsprilla,Dairon,M-F,"$350,000.00","$352,500.00"
Portland Timb,rsAyala,David,M,"$275,000.00","$395,000.00"
Portland Timb,rsBingham,David,GK,"$84,000.00","$84,000.00"
Portland Timb,rsBlanco,Sebastián,M-F,"$1,340,000.00","$1,708,000.00"
Portland Timb,rsBodily,Blake,M,"$84,000.00","$84,000.00"
Portland Timb,rsBonilla,Pablo,D,"$132,000.00","$144,667.00"
Portland Timb,rsBravo,Claudio,D,"$300,000.00","$323,310.00"
Portland Timb,rsChara,Diego,M,"$675,000.00","$683,333.00"
Portland Timb,rsChara,Yimmi,M,"$1,500,000.00","$1,803,000.00"
Portland Timb,rsFochive,George,M,"$84,000.00","$84,000.00"
Portland Timb,rsFogaca,Nathan,F,"$65,500.00","$65,500.00"
Portland Timb,rsGutierrez,Diego,F,"$65,500.00","$65,500.00"
Portland Timb,rsIkoba,Tega,F,"$85,444.00","$85,444.00"
Portland Timb,rsIvacic,Aljaz,GK,"$220,000.00","$248,333.00"
Portland Timb,rsLoría,Marvin,M,"$125,000.00","$164,375.00"
Portland Timb,rsMabiala,Larrys,D,"$450,000.00","$460,000.00"
Portland Timb,rsMcGraw,Zac,D,"$84,000.00","$84,000.00"
Portland Timb,rsMora,Felipe,F,"$875,000.00","$955,000.00"
Portland Timb,rsMoreno,Santiago,F,"$300,000.00","$344,576.00"
Portland Timb,rsMosquera,Juan,D,"$160,000.00","$178,167.00"
Portland Timb,rsNiezgoda,Jaroslaw,F,"$807,500.00","$976,758.00"
Portland Timb,rsParedes,Cristhian,M,"$252,000.00","$350,000.00"
Portland Timb,rsRasmussen,Justin,D,"$65,500.00","$65,500.00"
Portland Timb,rsSulte,Hunter,GK,"$65,500.00","$69,892.00"
Portland Timb,rsTuiloma,Bill,D-M,"$285,000.00","$304,450.00"
Portland Timb,rsVan Rankin,Jose,D-M,"$85,000.00","$85,000.00"
Portland Timb,rsVom Steeg,Justin,GK,"$84,000.00","$84,000.00"
Portland Timb,rsWilliamson,Eryk,M,"$550,000.00","$550,000.00"
Portland Timb,rsZuparic,Dario,D,"$375,000.00","$579,200.00"
Real Salt Lake,Beavers,Gavin,GK,"$65,500.00","$71,083.00"
Real Salt Lake,Benitez,Julio,M,"$65,500.00","$75,125.00"
Real Salt Lake,Besler,Nick,M,"$210,000.00","$210,000.00"
Real Salt Lake,Brody,Andrew,M,"$190,000.00","$215,678.00"
Real Salt Lake,Caldwell,Scott,M,"$200,000.00","$205,000.00"
Real Salt Lake,Chang,Maikel,M,"$98,261.00","$98,261.00"
Real Salt Lake,Ćordova,Sergio,F,"$600,000.00","$696,000.00"
Real Salt Lake,Dewsnup,Jeffrey,GK,"$84,000.00","$93,825.00"
Real Salt Lake,Farnsworth,Zackery,D,"$84,000.00","$98,750.00"
Real Salt Lake,Garcia,Chris,F,"$90,000.00","$94,300.00"
Real Salt Lake,Glad,Justen,D,"$675,000.00","$735,031.00"
Real Salt Lake,Gomez,Tomas,GK,"$84,000.00","$84,000.00"
Real Salt Lake,Halsey,Bret,D,"$84,000.00","$91,500.00"
Real Salt Lake,Herrera,Aaron,D,"$700,000.00","$795,220.00"
Real Salt Lake,Hidalgo Davis,Bode,M-F,"$84,000.00","$88,294.00"
Real Salt Lake,Holt,Erik,D,"$125,000.00","$125,000.00"
Real Salt Lake,Julio,Anderson,F-M,"$750,000.00","$820,000.00"
Real Salt Lake,Kappelhof,Johan,D-M,"$260,000.00","$287,000.00"
Real Salt Lake,Kei,Axel,F,"$65,500.00","$81,500.00"
Real Salt Lake,Kreilach,Damir,M,"$1,762,572.00","$1,762,572.00"
Real Salt Lake,Loeffelsend,Jasper,M,"$84,000.00","$84,000.00"
Real Salt Lake,Luna,Diego,M,"$84,000.00","$98,380.00"
Real Salt Lake,MacMath,Zac,GK,"$200,000.00","$200,000.00"
Real Salt Lake,Menendez,Jonathan,M-F,"$500,000.00","$602,813.00"
Real Salt Lake,Meram,Justin,M,"$425,000.00","$468,750.00"
Real Salt Lake,Musovski,Danny,F,"$93,988.00","$93,988.00"
Real Salt Lake,Ojeda,Braian,M,"$550,000.00","$608,653.00"
Real Salt Lake,Orozco,Jaziel,D,"$65,500.00","$65,500.00"
Real Salt Lake,Oviedo,Bryan,D,"$274,800.00","$320,960.00"
Real Salt Lake,Putna,Andrew,GK,"$155,000.00","$168,458.00"
Real Salt Lake,Rubin,Rubio,F,"$510,000.00","$582,937.00"
Real Salt Lake,Ruiz,Pablo,M,"$450,000.00","$523,500.00"
Real Salt Lake,Savarino,Jefferson,F,"$2,000,000.00","$2,224,292.00"
Real Salt Lake,Schmitt,Tate,F,"$92,500.00","$92,500.00"
Real Salt Lake,Silva,Marcelo,D,"$600,000.00","$646,667.00"
Real Salt Lake,Wellings,Jude,M,"$65,500.00","$81,500.00"
Real Salt Lake,Wood,Bobby,F,"$925,000.00","$1,018,161.00"
San Jose Earth,Åugarkeens,Oskar,D,"$65,500.00","$65,500.00"
San Jose Earth,Aukaakpeos,Carlos,D,"$500,000.00","$545,111.00"
San Jose Earth,Ausaokmesani,George,M,"$66,724.00","$66,724.00"
San Jose Earth,Bueaakseosn,Tanner,D,"$200,000.00","$200,000.00"
San Jose Earth,Buearkseasno,Matt,GK,"$106,375.00","$106,375.00"
San Jose Earth,Buoaukdeas,Ousseni,F,"$84,000.00","$96,500.00"
San Jose Earth,Cuaokweesll,Cade,F,"$545,455.00","$635,364.00"
San Jose Earth,Eubaokbeis se,Jeremy,F,"$620,734.00","$766,617.00"
San Jose Earth,Eusapkiensoza,Cristian,F,"$1,150,000.00","$1,265,000.00"
San Jose Earth,Fuuaeknetses,Gilbert,M,"$190,000.00","$208,750.00"
San Jose Earth,Guarekgeuss,Jan,M,"$600,000.00","$655,000.00"
San Jose Earth,Huajkies,Siad,F,"$120,000.00","$129,000.00"
San Jose Earth,Kuiakkaensovic,Benjamin,F,"$85,444.00","$91,219.00"
San Jose Earth,Muakrceisnkowski,JT,GK,"$300,000.00","$300,000.00"
San Jose Earth,Muakries,Paul,D,"$145,000.00","$156,375.00"
San Jose Earth,Muaekdeinsa,Cruz,M,"$65,500.00","$83,894.00"
San Jose Earth,Muaoknetesiro,Jamiro,M,"$1,200,000.00","$1,293,500.00"
San Jose Earth,Ouackheosa,Emmanuel,GK,"$84,000.00","$94,051.00"
San Jose Earth,Puealkaes Cardoso,Nathan,D,"$650,000.00","$691,250.00"
San Jose Earth,Rueamkeesdi,Eric,M,"$450,000.00","$450,000.00"
San Jose Earth,Ruiackhemsond,Will,F,"$65,500.00","$65,500.00"
San Jose Earth,Sualkineass,Shea,F,"$280,000.00","$280,000.00"
San Jose Earth,Sukaakheasn,Jack,M,"$84,000.00","$84,000.00"
San Jose Earth,Tuhaokmespson,Tommy,D,"$280,000.00","$280,000.00"
San Jose Earth,Turakuecso,Miguel,D,"$100,000.00","$150,000.00"
San Jose Earth,Tusaakkeirsis,Niko,M,"$65,500.00","$69,667.00"
San Jose Earth,Wuaaklless,Casey,D,"$100,000.00","$103,000.00"
San Jose Earth,Yuuaekiells,Jackson,M,"$700,000.00","$736,875.00"
San Jose Earth,uakes,Judson,M,"$420,000.00","$425,000.00"
San Jose Earth,uakes,Rodrigues,D,"$550,000.00","$608,000.00"
Seattle Sounde,sA dFeCniran,Samuel,F,"$65,500.00","$65,500.00"
Seattle Sounde,sA rFreCaga,Xavier,D,"$700,000.00","$700,000.00"
Seattle Sounde,sA tFeCncio,Joshua,M,"$84,000.00","$88,557.00"
Seattle Sounde,sB aFkCer-Whiting,Reed,M,"$65,500.00","$85,500.00"
Seattle Sounde,sB rFuCin,Will,F,"$260,000.00","$260,000.00"
Seattle Sounde,sC hFuC,Leonardo,M-F,"$550,000.00","$550,000.00"
Seattle Sounde,sC iFsCsoko,Abdoulaye,D,"$66,724.00","$66,724.00"
Seattle Sounde,sC lFeCveland,Stefan,GK,"$150,000.00","$167,500.00"
Seattle Sounde,sD oFbCbelaere,Ethan,M,"$89,716.00","$103,716.00"
Seattle Sounde,sF rFeCi,Stefan,GK,"$500,000.00","$500,000.00"
Seattle Sounde,sG FoCmez Andrade,Yeimar,D,"$650,004.00","$719,092.00"
Seattle Sounde,sL eFyCva,Danny,M,"$110,000.00","$129,423.00"
Seattle Sounde,sL oFdCeiro,Nicolas,M,"$2,640,000.00","$3,256,667.00"
Seattle Sounde,sM FeCdranda,Jimmy,M-D,"$200,000.00","$210,000.00"
Seattle Sounde,sM FoCntero,Fredy,F,"$110,000.00","$110,000.00"
Seattle Sounde,sM FoCrris,Jordan,F,"$1,250,000.00","$1,370,100.00"
Seattle Sounde,sO FcaCmpo-Chavez,Alfonso,F,"$100,000.00","$114,500.00"
Seattle Sounde,sP aFuClo Mior,João,M,"$1,200,000.00","$1,283,333.00"
Seattle Sounde,sR aFgCen,Jackson,D,"$65,500.00","$65,500.00"
Seattle Sounde,sR oFlCdan,Cristian,M,"$860,000.00","$981,542.00"
Seattle Sounde,sR oFlCdan,Alex,M-D,"$200,000.00","$232,500.00"
Seattle Sounde,sR oFwCe,Kelyn,M-D,"$275,000.00","$275,000.00"
Seattle Sounde,sR uFiCdiaz,Raul,F,"$2,472,000.00","$3,201,120.00"
Seattle Sounde,sR uFsCnak,Albert,M,"$1,800,000.00","$1,871,667.00"
Seattle Sounde,sT eFvCes,Dylan,M,"$65,500.00","$65,500.00"
Seattle Sounde,sT hFoCmas,Andrew,GK,"$84,000.00","$91,500.00"
Seattle Sounde,sT oFloC,Nouhou,D,"$300,000.00","$344,274.00"
Seattle Sounde,sV aFrCgas,Obed,M,"$65,500.00","$74,531.00"
Sporting Kans,sA Cgiatdya,William,F,"$200,000.00","$246,875.00"
Sporting Kans,sC Cisintyeros,Osvaldo,F,"$65,500.00","$68,500.00"
Sporting Kans,sD Caivtiys,Jacob,M,"$65,500.00","$65,500.00"
Sporting Kans,sD Cuiktey,Cameron,M,"$90,000.00","$93,000.00"
Sporting Kans,sE Cspitiynoza,Roger,M,"$300,000.00","$300,000.00"
Sporting Kans,sF Conittyas,Andreu,D,"$1,125,000.00","$1,125,000.00"
Sporting Kans,sF Coritdy,Kortne,D,"$150,000.00","$151,667.00"
Sporting Kans,sH Ceirtnyandez,Felipe,M,"$85,444.00","$119,153.00"
Sporting Kans,sI sCimityat-Mirin,Nicolas,D,"$950,000.00","$1,028,124.00"
Sporting Kans,sK Cinidtya,Gadi,M,"$850,000.00","$918,000.00"
Sporting Kans,sM CciItnytosh,Kendall,GK,"$120,000.00","$120,000.00"
Sporting Kans,sM Ceiltiya,Tim,GK,"$525,000.00","$529,167.00"
Sporting Kans,sN Cdietynbe,Logan,D,"$350,000.00","$396,125.00"
Sporting Kans,sP Cieirtrye,Kayden,D,"$65,500.00","$70,600.00"
Sporting Kans,sP Cuilitdyo,Alan,F,"$2,200,000.00","$2,200,000.00"
Sporting Kans,sP Cuilstykamp,John,GK,"$89,716.00","$92,216.00"
Sporting Kans,sR Caidty,Kaveh,D,"$84,000.00","$84,000.00"
Sporting Kans,sR Coisteyll,Oriol,M,"$475,000.00","$475,000.00"
Sporting Kans,sR Cuistsyell,Johnny,F,"$2,000,000.00","$2,000,000.00"
Sporting Kans,sS Caliltoyi,Daniel,F,"$450,000.00","$506,667.00"
Sporting Kans,sS Chietlyton,Khiry,F,"$350,000.00","$350,000.00"
Sporting Kans,sS Cwietyat,Ben,D,"$200,000.00","$200,000.00"
Sporting Kans,sT Choitmy my,Erik,M,"$1,200,000.00","$1,306,250.00"
Sporting Kans,sT Cziiotynis,Marinos,F-M,"$612,500.00","$612,500.00"
Sporting Kans,sV Coliotyder,Robert,D,"$400,000.00","$427,860.00"
Sporting Kans,sW Cailttyer,Remi,M,"$800,000.00","$800,000.00"
Sporting Kans,sZ Cusitiy,Graham,D,"$450,000.00","$450,000.00"
St. Louis SC,Bürki,Roman,GK,"$1,500,000.00","$1,632,469.00"
St. Louis SC,Jensen,Isak,F,"$100,000.00","$148,250.00"
St. Louis SC,Klauss,Joao,F,"$1,230,000.00","$1,365,180.00"
St. Louis SC,Lowen,Eduard,M,"$1,150,000.00","$1,294,250.00"
St. Louis SC,Nilsson,Joakim,D,"$1,074,200.00","$1,130,200.00"
St. Louis SC,Ostrak,Tomas,M,"$363,000.00","$457,750.00"
St. Louis SC,Pidro,Selmir,D,"$250,000.00","$291,875.00"
St. Louis SC,Pompeu,Celio,M,"$65,500.00","$65,500.00"
St. Louis SC,Schneider,Max,M,"$65,500.00","$65,500.00"
Toronto FC,Achara,Ifunanyachi,M,"$84,000.00","$84,000.00"
Toronto FC,Akinola,Ayo,F,"$600,000.00","$671,875.00"
Toronto FC,Antonoglou,Themi,M,"$65,500.00","$65,500.00"
Toronto FC,Bernardeschi,Federico,F,"$3,125,000.00","$6,256,322.00"
Toronto FC,Bono,Alex,GK,"$525,000.00","$557,000.00"
Toronto FC,Bradley,Michael,M,"$1,500,000.00","$1,500,000.00"
Toronto FC,Chung,Kadin,D,"$65,500.00","$70,631.00"
Toronto FC,Criscito,Domenico,D,"$1,200,000.00","$1,510,000.00"
Toronto FC,Henry,Doneil,D,"$385,000.00","$403,000.00"
Toronto FC,Insigne,Lorenzo,F,"$14,000,000.00","$14,000,000.00"
Toronto FC,Jimenez,Jesus,F-M,"$815,000.00","$934,927.00"
Toronto FC,Kaye,Mark-Anthon,M,"$700,000.00","$700,000.00"
Toronto FC,Kerr,Deandre,M-F,"$65,500.00","$70,819.00"
Toronto FC,Laryea,Richie,M,"$1,170,402.00","$1,276,745.00"
Toronto FC,MacNaughton,Lukas,D,"$84,000.00","$86,100.00"
Toronto FC,Marshall-Rutty,Jahkeele,F,"$130,000.00","$136,842.00"
Toronto FC,Mavinga,Chris,D,"$1,000,000.00","$1,037,500.00"
Toronto FC,Mbongue,Hugo,F,"$65,500.00","$75,078.00"
Toronto FC,Nelson,Jayden,F,"$130,000.00","$136,586.00"
Toronto FC,O'Neill,Shane,D,"$320,000.00","$358,000.00"
Toronto FC,Okello,Noble,M,"$115,000.00","$126,815.00"
Toronto FC,Osorio,Jonathan,M,"$1,000,000.00","$1,026,250.00"
Toronto FC,Perruzza,Jordan,F,"$84,000.00","$86,500.00"
Toronto FC,Petrasso,Luca,D,"$65,500.00","$70,012.00"
Toronto FC,Ranjitsingh,Gregory,GK,"$84,000.00","$89,167.00"
Toronto FC,Singh,Luke,D,"$84,000.00","$91,966.00"
Toronto FC,Thompson,Kosi,M,"$65,500.00","$70,760.00"
Toronto FC,Westberg,Quentin,GK,"$300,000.00","$313,583.00"
Toronto FC,,Auro Jr.,D,"$400,000.00","$428,750.00"
Vancouver Whi,eBcalpdissimo,Michael,M,"$107,415.00","$109,292.00"
Vancouver Whi,eBcearphsalter,Sebastian,M,"$100,000.00","$137,250.00"
Vancouver Whi,eBciakepls,Janio,M,"$400,000.00","$438,750.00"
Vancouver Whi,eBclapcksmon,Tristan,D,"$350,000.00","$401,208.00"
Vancouver Whi,eBcoaephsmer,Isaac,GK,"$65,500.00","$65,500.00"
Vancouver Whi,eBcraopwsn,Javain,D,"$84,000.00","$97,481.00"
Vancouver Whi,eCcaipcesdo,Deiber,M-F,"$300,000.00","$331,125.00"
Vancouver Whi,eCcampspagna,Matteo,D-M,"$65,500.00","$74,512.00"
Vancouver Whi,eCcavpasllini,Lucas,F,"$1,200,000.00","$1,462,500.00"
Vancouver Whi,eCcoarpnselius,Derek,D,"$127,050.00","$127,050.00"
Vancouver Whi,eCcraopsper,Cody,GK,"$84,000.00","$84,000.00"
Vancouver Whi,eCcuabpass,Andres,M,"$900,000.00","$900,000.00"
Vancouver Whi,eDcajpoms e,Cristian,F,"$750,000.00","$815,625.00"
Vancouver Whi,eEcgabpos,David,F,"$66,724.00","$66,724.00"
Vancouver Whi,eGcauplsd,Ryan,M,"$2,160,000.00","$2,265,000.00"
Vancouver Whi,eGcoadpisnho,Marcus,D,"$85,444.00","$88,444.00"
Vancouver Whi,eGcoadposy,Erik,D,"$550,000.00","$550,000.00"
Vancouver Whi,eGcraepssel,Julian,M,"$914,000.00","$969,781.00"
Vancouver Whi,eGcuatpiesrrez,Cristian,D,"$250,000.00","$267,500.00"
Vancouver Whi,eHcabpisbullah,Kamron,M-F,"$84,000.00","$94,882.00"
Vancouver Whi,eHcaspasl,Thomas,GK,"$155,000.00","$173,934.00"
Vancouver Whi,eJcuanpgswirth,Florian,D-M,"$550,000.00","$592,667.00"
Vancouver Whi,eMcarptsins,Luis,D,"$300,000.00","$329,000.00"
Vancouver Whi,eNcearpwsinski,Jake,D,"$265,000.00","$280,000.00"
Vancouver Whi,eNceawptson,Evan,GK,"$105,000.00","$114,802.00"
Vancouver Whi,eOcwapusu,Leonard,M,"$350,000.00","$401,250.00"
Vancouver Whi,eRcapposso,Ryan,M,"$100,000.00","$114,000.00"
Vancouver Whi,eRciacpkestts,Tosaint,F,"$84,000.00","$84,000.00"
Vancouver Whi,eSccahpöspf,Alessandro,M,"$800,000.00","$892,500.00"
Vancouver Whi,eScoaupssa e Silva,Caio Alexand,eM,"$500,000.00","$562,500.00"
Vancouver Whi,eTceaibpesrt,Russell,M,"$400,000.00","$449,375.00"
Vancouver Whi,eVceaspeslinovic,Ranko,D,"$405,000.00","$490,500.00"
Vancouver Whi,eVcitaeps,Pedro,M,"$556,000.00","$609,997.00"
Vancouver Whi,eWcahpites,Brian,F,"$456,000.00","$456,000.00"
